dataset,threshold,k,frac_reads_unresolved,frac_reads_unknown_error,n_windows,frac_windows_fully_resolved,median_window_purity
040423_6D2S_qubit1,1 µs,0.5,0.001557632398753894,0.0,1,0.0,0.9984423676012462
040423_6D2S_qubit1,2 µs,0.5,0.009345794392523364,0.0,7,0.42857142857142855,0.9965397923875432
040423_6D2S_qubit1,3 µs,0.5,0.14485981308411214,0.0,126,0.6984126984126984,1.0
040423_6D2S_qubit1,4 µs,0.5,0.05451713395638629,0.0,42,0.5952380952380952,1.0
040423_6D2S_qubit1,5 µs,0.5,0.009345794392523364,0.0,3,0.0,0.0
040423_6D2S_qubit1,6 µs,0.5,0.003115264797507788,0.0,1,0.0,0.0
040423_6D2S_qubit1,7 µs,0.5,0.001557632398753894,0.0,1,0.0,0.0
040423_6D2S_qubit1,8 µs,0.5,0.001557632398753894,0.0,1,0.0,0.0
040423_6D2S_qubit1,9 µs,0.5,0.001557632398753894,0.0,1,0.0,0.0
040423_6D2S_qubit1,10 µs,0.5,0.001557632398753894,0.0,0,,
040423_6D2S_qubit1,1 µs,1.0,0.001557632398753894,0.0,1,0.0,0.9984423676012462
040423_6D2S_qubit1,2 µs,1.0,0.014018691588785047,0.0,7,0.42857142857142855,0.9896193771626297
040423_6D2S_qubit1,3 µs,1.0,0.2383177570093458,0.0,126,0.5714285714285714,1.0
040423_6D2S_qubit1,4 µs,1.0,0.11526479750778816,0.0,42,0.3333333333333333,0.0
040423_6D2S_qubit1,5 µs,1.0,0.014018691588785047,0.0,3,0.0,0.0
040423_6D2S_qubit1,6 µs,1.0,0.004672897196261682,0.0,1,0.0,0.0
040423_6D2S_qubit1,7 µs,1.0,0.003115264797507788,0.0,1,0.0,0.0
040423_6D2S_qubit1,8 µs,1.0,0.001557632398753894,0.0,1,0.0,0.0
040423_6D2S_qubit1,9 µs,1.0,0.001557632398753894,0.0,1,0.0,0.0
040423_6D2S_qubit1,10 µs,1.0,0.001557632398753894,0.0,0,,
040423_6D2S_qubit1,1 µs,2.0,0.003115264797507788,0.0,1,0.0,0.9968847352024922
040423_6D2S_qubit1,2 µs,2.0,0.09501557632398754,0.0,7,0.14285714285714285,0.9090909090909091
040423_6D2S_qubit1,3 µs,2.0,0.42834890965732086,0.0,126,0.3253968253968254,0.5625
040423_6D2S_qubit1,4 µs,2.0,0.18847352024922118,0.0,42,0.09523809523809523,0.0
040423_6D2S_qubit1,5 µs,2.0,0.024922118380062305,0.0,3,0.0,0.0
040423_6D2S_qubit1,6 µs,2.0,0.006230529595015576,0.0,1,0.0,0.0
040423_6D2S_qubit1,7 µs,2.0,0.006230529595015576,0.0,1,0.0,0.0
040423_6D2S_qubit1,8 µs,2.0,0.004672897196261682,0.0,1,0.0,0.0
040423_6D2S_qubit1,9 µs,2.0,0.003115264797507788,0.0,1,0.0,0.0
040423_6D2S_qubit1,10 µs,2.0,0.001557632398753894,0.0,0,,
050423_6D2S_qubit1,1 µs,0.5,0.0,0.0,1,1.0,1.0
050423_6D2S_qubit1,2 µs,0.5,0.0,0.0,1,1.0,1.0
050423_6D2S_qubit1,3 µs,0.5,0.09169550173010381,0.0,24,0.375,0.9465811965811965
050423_6D2S_qubit1,4 µs,0.5,0.031141868512110725,0.0,4,0.25,0.0
050423_6D2S_qubit1,5 µs,0.5,0.0,0.0,0,,
050423_6D2S_qubit1,6 µs,0.5,0.0,0.0,0,,
050423_6D2S_qubit1,7 µs,0.5,0.0,0.0,0,,
050423_6D2S_qubit1,8 µs,0.5,0.0,0.0,0,,
050423_6D2S_qubit1,9 µs,0.5,0.0,0.0,0,,
050423_6D2S_qubit1,10 µs,0.5,0.0,0.0,0,,
050423_6D2S_qubit1,1 µs,1.0,0.0,0.0,1,1.0,1.0
050423_6D2S_qubit1,2 µs,1.0,0.0,0.0,1,1.0,1.0
050423_6D2S_qubit1,3 µs,1.0,0.21972318339100347,0.0,24,0.16666666666666666,0.8284313725490196
050423_6D2S_qubit1,4 µs,1.0,0.06920415224913495,0.0,4,0.25,0.0
050423_6D2S_qubit1,5 µs,1.0,0.0017301038062283738,0.0,0,,
050423_6D2S_qubit1,6 µs,1.0,0.0,0.0,0,,
050423_6D2S_qubit1,7 µs,1.0,0.0,0.0,0,,
050423_6D2S_qubit1,8 µs,1.0,0.0,0.0,0,,
050423_6D2S_qubit1,9 µs,1.0,0.0,0.0,0,,
050423_6D2S_qubit1,10 µs,1.0,0.0,0.0,0,,
050423_6D2S_qubit1,1 µs,2.0,0.0,0.0,1,1.0,1.0
050423_6D2S_qubit1,2 µs,2.0,0.0,0.0,1,1.0,1.0
050423_6D2S_qubit1,3 µs,2.0,0.6833910034602076,0.0,24,0.0,0.3106060606060606
050423_6D2S_qubit1,4 µs,2.0,0.23183391003460208,0.0,4,0.0,0.0
050423_6D2S_qubit1,5 µs,2.0,0.0034602076124567475,0.0,0,,
050423_6D2S_qubit1,6 µs,2.0,0.0,0.0,0,,
050423_6D2S_qubit1,7 µs,2.0,0.0,0.0,0,,
050423_6D2S_qubit1,8 µs,2.0,0.0,0.0,0,,
050423_6D2S_qubit1,9 µs,2.0,0.0,0.0,0,,
050423_6D2S_qubit1,10 µs,2.0,0.0,0.0,0,,
070423_6D2S_qubit1,1 µs,0.5,0.000257201646090535,0.0,1,0.0,0.9997427983539094
070423_6D2S_qubit1,2 µs,0.5,0.00102880658436214,0.0,4,0.75,1.0
070423_6D2S_qubit1,3 µs,0.5,0.19650205761316872,0.0,356,0.40730337078651685,0.8933143669985775
070423_6D2S_qubit1,4 µs,0.5,0.32536008230452673,0.0,682,0.2653958944281525,0.0
070423_6D2S_qubit1,5 µs,0.5,0.08513374485596707,0.0,130,0.046153846153846156,0.0
070423_6D2S_qubit1,6 µs,0.5,0.025977366255144033,0.0,30,0.0,0.0
070423_6D2S_qubit1,7 µs,0.5,0.010545267489711935,0.0,11,0.0,0.0
070423_6D2S_qubit1,8 µs,0.5,0.004629629629629629,0.0,2,0.0,0.0
070423_6D2S_qubit1,9 µs,0.5,0.0033436213991769547,0.0,1,0.0,0.0
070423_6D2S_qubit1,10 µs,0.5,0.001286008230452675,0.0,0,,
070423_6D2S_qubit1,1 µs,1.0,0.000257201646090535,0.0,1,0.0,0.9997427983539094
070423_6D2S_qubit1,2 µs,1.0,0.00257201646090535,0.0,4,0.75,1.0
070423_6D2S_qubit1,3 µs,1.0,0.5097736625514403,0.0,356,0.1348314606741573,0.5
070423_6D2S_qubit1,4 µs,1.0,0.5493827160493827,0.0,682,0.004398826979472141,0.0
070423_6D2S_qubit1,5 µs,1.0,0.17078189300411523,0.0,130,0.0,0.0
070423_6D2S_qubit1,6 µs,1.0,0.05452674897119342,0.0,30,0.0,0.0
070423_6D2S_qubit1,7 µs,1.0,0.02263374485596708,0.0,11,0.0,0.0
070423_6D2S_qubit1,8 µs,1.0,0.012345679012345678,0.0,2,0.0,0.0
070423_6D2S_qubit1,9 µs,1.0,0.006687242798353909,0.0,1,0.0,0.0
070423_6D2S_qubit1,10 µs,1.0,0.004629629629629629,0.0,0,,
070423_6D2S_qubit1,1 µs,2.0,0.013117283950617283,0.0,1,0.0,0.9868827160493827
070423_6D2S_qubit1,2 µs,2.0,0.06790123456790123,0.0,4,0.0,0.9186408383613845
070423_6D2S_qubit1,3 µs,2.0,0.996141975308642,0.0,356,0.0,0.0
070423_6D2S_qubit1,4 µs,2.0,0.7875514403292181,0.0,682,0.0,0.0
070423_6D2S_qubit1,5 µs,2.0,0.3713991769547325,0.0,130,0.0,0.0
070423_6D2S_qubit1,6 µs,2.0,0.15097736625514405,0.0,30,0.0,0.0
070423_6D2S_qubit1,7 µs,2.0,0.06532921810699588,0.0,11,0.0,0.0
070423_6D2S_qubit1,8 µs,2.0,0.035493827160493825,0.0,2,0.0,0.0
070423_6D2S_qubit1,9 µs,2.0,0.020833333333333332,0.0,1,0.0,0.0
070423_6D2S_qubit1,10 µs,2.0,0.01440329218106996,0.0,0,,
070623_6D2S_qubit5,1 µs,0.5,0.025252525252525252,0.0,1,0.0,0.9747474747474747
070623_6D2S_qubit5,2 µs,0.5,0.031313131313131314,0.0,2,0.0,0.9616271935206774
070623_6D2S_qubit5,3 µs,0.5,0.1484848484848485,0.0,69,0.2753623188405797,0.8947368421052632
070623_6D2S_qubit5,4 µs,0.5,0.42323232323232324,0.0,226,0.29646017699115046,0.5
070623_6D2S_qubit5,5 µs,0.5,0.403030303030303,0.0,202,0.09405940594059406,0.0
070623_6D2S_qubit5,6 µs,0.5,0.2727272727272727,0.0,136,0.014705882352941176,0.0
070623_6D2S_qubit5,7 µs,0.5,0.1797979797979798,0.0,86,0.011627906976744186,0.0
070623_6D2S_qubit5,8 µs,0.5,0.13434343434343435,0.0,68,0.014705882352941176,0.0
070623_6D2S_qubit5,9 µs,0.5,0.10404040404040404,0.0,56,0.017857142857142856,0.0
070623_6D2S_qubit5,10 µs,0.5,0.08888888888888889,0.0,0,,
070623_6D2S_qubit5,1 µs,1.0,0.06666666666666667,0.0,1,0.0,0.9333333333333333
070623_6D2S_qubit5,2 µs,1.0,0.08686868686868687,0.0,2,0.0,0.9204401358039841
070623_6D2S_qubit5,3 µs,1.0,0.48282828282828283,0.0,69,0.07246376811594203,0.5128205128205128
070623_6D2S_qubit5,4 µs,1.0,0.7929292929292929,0.0,226,0.017699115044247787,0.0
070623_6D2S_qubit5,5 µs,1.0,0.5585858585858586,0.0,202,0.0049504950495049506,0.0
070623_6D2S_qubit5,6 µs,1.0,0.37777777777777777,0.0,136,0.007352941176470588,0.0
070623_6D2S_qubit5,7 µs,1.0,0.26666666666666666,0.0,86,0.011627906976744186,0.0
070623_6D2S_qubit5,8 µs,1.0,0.19292929292929292,0.0,68,0.014705882352941176,0.0
070623_6D2S_qubit5,9 µs,1.0,0.15555555555555556,0.0,56,0.0,0.0
070623_6D2S_qubit5,10 µs,1.0,0.12525252525252525,0.0,0,,
070623_6D2S_qubit5,1 µs,2.0,0.21414141414141413,0.0,1,0.0,0.7858585858585858
070623_6D2S_qubit5,2 µs,2.0,0.4898989898989899,0.0,2,0.0,0.5359103366466234
070623_6D2S_qubit5,3 µs,2.0,0.9808080808080808,0.0,69,0.0,0.0
070623_6D2S_qubit5,4 µs,2.0,0.895959595959596,0.0,226,0.0,0.0
070623_6D2S_qubit5,5 µs,2.0,0.7313131313131314,0.0,202,0.0049504950495049506,0.0
070623_6D2S_qubit5,6 µs,2.0,0.5414141414141415,0.0,136,0.007352941176470588,0.0
070623_6D2S_qubit5,7 µs,2.0,0.4111111111111111,0.0,86,0.0,0.0
070623_6D2S_qubit5,8 µs,2.0,0.32222222222222224,0.0,68,0.0,0.0
070623_6D2S_qubit5,9 µs,2.0,0.25656565656565655,0.0,56,0.0,0.0
070623_6D2S_qubit5,10 µs,2.0,0.20707070707070707,0.0,0,,
070623_6D2S_qubit6,1 µs,0.5,0.0595959595959596,0.0,1,0.0,0.9404040404040404
070623_6D2S_qubit6,2 µs,0.5,0.07474747474747474,0.0,1,0.0,0.9252525252525252
070623_6D2S_qubit6,3 µs,0.5,0.24545454545454545,0.0,102,0.28431372549019607,0.8038461538461539
070623_6D2S_qubit6,4 µs,0.5,0.4535353535353535,0.0,247,0.22672064777327935,0.5
070623_6D2S_qubit6,5 µs,0.5,0.47373737373737373,0.0,229,0.056768558951965066,0.0
070623_6D2S_qubit6,6 µs,0.5,0.35353535353535354,0.0,175,0.017142857142857144,0.0
070623_6D2S_qubit6,7 µs,0.5,0.25656565656565655,0.0,132,0.015151515151515152,0.0
070623_6D2S_qubit6,8 µs,0.5,0.21313131313131314,0.0,102,0.00980392156862745,0.0
070623_6D2S_qubit6,9 µs,0.5,0.1808080808080808,0.0,86,0.011627906976744186,0.0
070623_6D2S_qubit6,10 µs,0.5,0.15858585858585858,0.0,0,,
070623_6D2S_qubit6,1 µs,1.0,0.1383838383838384,0.0,1,0.0,0.8616161616161616
070623_6D2S_qubit6,2 µs,1.0,0.18585858585858586,0.0,1,0.0,0.8141414141414142
070623_6D2S_qubit6,3 µs,1.0,0.6595959595959596,0.0,102,0.058823529411764705,0.3333333333333333
070623_6D2S_qubit6,4 µs,1.0,0.7636363636363637,0.0,247,0.004048582995951417,0.0
070623_6D2S_qubit6,5 µs,1.0,0.6202020202020202,0.0,229,0.0,0.0
070623_6D2S_qubit6,6 µs,1.0,0.4676767676767677,0.0,175,0.0,0.0
070623_6D2S_qubit6,7 µs,1.0,0.3565656565656566,0.0,132,0.007575757575757576,0.0
070623_6D2S_qubit6,8 µs,1.0,0.2787878787878788,0.0,102,0.00980392156862745,0.0
070623_6D2S_qubit6,9 µs,1.0,0.2313131313131313,0.0,86,0.011627906976744186,0.0
070623_6D2S_qubit6,10 µs,1.0,0.21414141414141413,0.0,0,,
070623_6D2S_qubit6,1 µs,2.0,0.34949494949494947,0.0,1,0.0,0.6505050505050505
070623_6D2S_qubit6,2 µs,2.0,0.7282828282828283,0.0,1,0.0,0.2717171717171717
070623_6D2S_qubit6,3 µs,2.0,0.9747474747474747,0.0,102,0.0,0.0
070623_6D2S_qubit6,4 µs,2.0,0.8929292929292929,0.0,247,0.0,0.0
070623_6D2S_qubit6,5 µs,2.0,0.7404040404040404,0.0,229,0.0,0.0
070623_6D2S_qubit6,6 µs,2.0,0.6191919191919192,0.0,175,0.0,0.0
070623_6D2S_qubit6,7 µs,2.0,0.502020202020202,0.0,132,0.007575757575757576,0.0
070623_6D2S_qubit6,8 µs,2.0,0.41818181818181815,0.0,102,0.00980392156862745,0.0
070623_6D2S_qubit6,9 µs,2.0,0.35353535353535354,0.0,86,0.011627906976744186,0.0
070623_6D2S_qubit6,10 µs,2.0,0.295959595959596,0.0,0,,
070723_6D2S_qubit4,1 µs,0.5,0.3987863025574339,0.0,14,0.07142857142857142,0.6513008130081301
070723_6D2S_qubit4,2 µs,0.5,0.4872128305158214,0.0,208,0.07211538461538461,0.4
070723_6D2S_qubit4,3 µs,0.5,0.5973125270914608,0.0,418,0.05980861244019139,0.0
070723_6D2S_qubit4,4 µs,0.5,0.6133506718682271,0.0,529,0.020793950850661626,0.0
070723_6D2S_qubit4,5 µs,0.5,0.5769397485912441,0.0,555,0.007207207207207207,0.0
070723_6D2S_qubit4,6 µs,0.5,0.5309926311226701,0.0,553,0.007233273056057866,0.0
070723_6D2S_qubit4,7 µs,0.5,0.4976159514521023,0.0,547,0.005484460694698354,0.0
070723_6D2S_qubit4,8 µs,0.5,0.4750758560901604,0.0,548,0.0036496350364963502,0.0
070723_6D2S_qubit4,9 µs,0.5,0.4577373211963589,0.0,542,0.0036900369003690036,0.0
070723_6D2S_qubit4,10 µs,0.5,0.44733420026007803,0.0,1,0.0,0.0
070723_6D2S_qubit4,1 µs,1.0,0.4798439531859558,0.0,14,0.07142857142857142,0.5448585231193928
070723_6D2S_qubit4,2 µs,1.0,0.7013437364542696,0.0,208,0.019230769230769232,0.0
070723_6D2S_qubit4,3 µs,1.0,0.7798006068487213,0.0,418,0.004784688995215311,0.0
070723_6D2S_qubit4,4 µs,1.0,0.7069787602947551,0.0,529,0.001890359168241966,0.0
070723_6D2S_qubit4,5 µs,1.0,0.6267880364109233,0.0,555,0.0018018018018018018,0.0
070723_6D2S_qubit4,6 µs,1.0,0.577373211963589,0.0,553,0.003616636528028933,0.0
070723_6D2S_qubit4,7 µs,1.0,0.541829215431296,0.0,547,0.0018281535648994515,0.0
070723_6D2S_qubit4,8 µs,1.0,0.5192891200693541,0.0,548,0.0018248175182481751,0.0
070723_6D2S_qubit4,9 µs,1.0,0.49588209796272215,0.0,542,0.0,0.0
070723_6D2S_qubit4,10 µs,1.0,0.4872128305158214,0.0,1,0.0,0.0
070723_6D2S_qubit4,1 µs,2.0,0.6801040312093628,0.0,14,0.0,0.2523291925465838
070723_6D2S_qubit4,2 µs,2.0,0.9167750325097529,0.0,208,0.0,0.0
070723_6D2S_qubit4,3 µs,2.0,0.8638925010836584,0.0,418,0.0,0.0
070723_6D2S_qubit4,4 µs,2.0,0.7706978760294755,0.0,529,0.0,0.0
070723_6D2S_qubit4,5 µs,2.0,0.6965756393584742,0.0,555,0.0,0.0
070723_6D2S_qubit4,6 µs,2.0,0.6415257910706545,0.0,553,0.0018083182640144665,0.0
070723_6D2S_qubit4,7 µs,2.0,0.6068487212830516,0.0,547,0.0018281535648994515,0.0
070723_6D2S_qubit4,8 µs,2.0,0.5752058951018639,0.0,548,0.0,0.0
070723_6D2S_qubit4,9 µs,2.0,0.5539661898569571,0.0,542,0.0,0.0
070723_6D2S_qubit4,10 µs,2.0,0.5348938014737755,0.0,1,0.0,0.0
070723_6D2S_qubit5,1 µs,0.5,0.28758949880668255,0.0,14,0.07142857142857142,0.6433344287435645
070723_6D2S_qubit5,2 µs,0.5,0.36933174224343673,0.0,274,0.19708029197080293,0.5555555555555556
070723_6D2S_qubit5,3 µs,0.5,0.5220763723150358,0.0,408,0.12009803921568628,0.0
070723_6D2S_qubit5,4 µs,0.5,0.49403341288782815,0.0,427,0.0234192037470726,0.0
070723_6D2S_qubit5,5 µs,0.5,0.4194510739856802,0.0,399,0.020050125313283207,0.0
070723_6D2S_qubit5,6 µs,0.5,0.3854415274463007,0.0,372,0.021505376344086023,0.0
070723_6D2S_qubit5,7 µs,0.5,0.3568019093078759,0.0,351,0.017094017094017096,0.0
070723_6D2S_qubit5,8 µs,0.5,0.33591885441527447,0.0,341,0.011730205278592375,0.0
070723_6D2S_qubit5,9 µs,0.5,0.3204057279236277,0.0,328,0.006097560975609756,0.0
070723_6D2S_qubit5,10 µs,0.5,0.3096658711217184,0.0,0,,
070723_6D2S_qubit5,1 µs,1.0,0.36634844868735084,0.0,14,0.0,0.5832663478156023
070723_6D2S_qubit5,2 µs,1.0,0.6133651551312649,0.0,274,0.06569343065693431,0.25
070723_6D2S_qubit5,3 µs,1.0,0.6992840095465394,0.0,408,0.004901960784313725,0.0
070723_6D2S_qubit5,4 µs,1.0,0.5596658711217184,0.0,427,0.00936768149882904,0.0
070723_6D2S_qubit5,5 µs,1.0,0.4737470167064439,0.0,399,0.010025062656641603,0.0
070723_6D2S_qubit5,6 µs,1.0,0.418854415274463,0.0,372,0.010752688172043012,0.0
070723_6D2S_qubit5,7 µs,1.0,0.39618138424821003,0.0,351,0.011396011396011397,0.0
070723_6D2S_qubit5,8 µs,1.0,0.38007159904534604,0.0,341,0.005865102639296188,0.0
070723_6D2S_qubit5,9 µs,1.0,0.36336515513126494,0.0,328,0.0,0.0
070723_6D2S_qubit5,10 µs,1.0,0.3466587112171838,0.0,0,,
070723_6D2S_qubit5,1 µs,2.0,0.5656324582338902,0.0,14,0.0,0.36166250643844844
070723_6D2S_qubit5,2 µs,2.0,0.889618138424821,0.0,274,0.0036496350364963502,0.0
070723_6D2S_qubit5,3 µs,2.0,0.7553699284009546,0.0,408,0.004901960784313725,0.0
070723_6D2S_qubit5,4 µs,2.0,0.6431980906921241,0.0,427,0.00936768149882904,0.0
070723_6D2S_qubit5,5 µs,2.0,0.5536992840095465,0.0,399,0.007518796992481203,0.0
070723_6D2S_qubit5,6 µs,2.0,0.49522673031026254,0.0,372,0.005376344086021506,0.0
070723_6D2S_qubit5,7 µs,2.0,0.45405727923627687,0.0,351,0.002849002849002849,0.0
070723_6D2S_qubit5,8 µs,2.0,0.42482100238663484,0.0,341,0.0,0.0
070723_6D2S_qubit5,9 µs,2.0,0.4081145584725537,0.0,328,0.0,0.0
070723_6D2S_qubit5,10 µs,2.0,0.3937947494033413,0.0,0,,
070723_6D2S_qubit6,1 µs,0.5,0.2591676967449526,0.0,10,0.0,0.7586759150853786
070723_6D2S_qubit6,2 µs,0.5,0.369180057684384,0.0,253,0.15810276679841898,0.5555555555555556
070723_6D2S_qubit6,3 µs,0.5,0.5401730531520396,0.0,584,0.10273972602739725,0.0
070723_6D2S_qubit6,4 µs,0.5,0.49443757725587145,0.0,587,0.018739352640545145,0.0
070723_6D2S_qubit6,5 µs,0.5,0.40667490729295425,0.0,538,0.01486988847583643,0.0
070723_6D2S_qubit6,6 µs,0.5,0.36093943139678614,0.0,510,0.0196078431372549,0.0
070723_6D2S_qubit6,7 µs,0.5,0.32838895756077463,0.0,485,0.02268041237113402,0.0
070723_6D2S_qubit6,8 µs,0.5,0.31067161104243923,0.0,470,0.019148936170212766,0.0
070723_6D2S_qubit6,9 µs,0.5,0.30284301606922126,0.0,456,0.006578947368421052,0.0
070723_6D2S_qubit6,10 µs,0.5,0.2937783271528636,0.0,0,,
070723_6D2S_qubit6,1 µs,1.0,0.3300370828182942,0.0,10,0.0,0.695266076122733
070723_6D2S_qubit6,2 µs,1.0,0.6349402554594149,0.0,253,0.043478260869565216,0.125
070723_6D2S_qubit6,3 µs,1.0,0.7313555830243098,0.0,584,0.003424657534246575,0.0
070723_6D2S_qubit6,4 µs,1.0,0.5661310259579728,0.0,587,0.013628620102214651,0.0
070723_6D2S_qubit6,5 µs,1.0,0.4647713226205192,0.0,538,0.01486988847583643,0.0
070723_6D2S_qubit6,6 µs,1.0,0.4112072517511331,0.0,510,0.01568627450980392,0.0
070723_6D2S_qubit6,7 µs,1.0,0.37453646477132263,0.0,485,0.010309278350515464,0.0
070723_6D2S_qubit6,8 µs,1.0,0.3526988051091883,0.0,470,0.006382978723404255,0.0
070723_6D2S_qubit6,9 µs,1.0,0.3358055212196127,0.0,456,0.0021929824561403508,0.0
070723_6D2S_qubit6,10 µs,1.0,0.323032550473836,0.0,0,,
070723_6D2S_qubit6,1 µs,2.0,0.5352286773794809,0.0,10,0.0,0.4621325361235675
070723_6D2S_qubit6,2 µs,2.0,0.949732179645653,0.0,253,0.003952569169960474,0.0
070723_6D2S_qubit6,3 µs,2.0,0.815409971157808,0.0,584,0.0017123287671232876,0.0
070723_6D2S_qubit6,4 µs,2.0,0.6687268232385661,0.0,587,0.0068143100511073255,0.0
070723_6D2S_qubit6,5 µs,2.0,0.5648949320148331,0.0,538,0.007434944237918215,0.0
070723_6D2S_qubit6,6 µs,2.0,0.49114132674083233,0.0,510,0.0058823529411764705,0.0
070723_6D2S_qubit6,7 µs,2.0,0.446229913473424,0.0,485,0.004123711340206186,0.0
070723_6D2S_qubit6,8 µs,2.0,0.4149155335805521,0.0,470,0.002127659574468085,0.0
070723_6D2S_qubit6,9 µs,2.0,0.38813349814585907,0.0,456,0.0021929824561403508,0.0
070723_6D2S_qubit6,10 µs,2.0,0.3724763081994232,0.0,0,,
080623_6D2S_qubit5,1 µs,0.5,0.04412923561859732,0.0,1,0.0,0.9558707643814027
080623_6D2S_qubit5,2 µs,0.5,0.05358550039401103,0.0,1,0.0,0.946414499605989
080623_6D2S_qubit5,3 µs,0.5,0.14105594956658787,0.0,65,0.3384615384615385,0.875
080623_6D2S_qubit5,4 µs,0.5,0.39164696611505123,0.0,286,0.33916083916083917,0.6
080623_6D2S_qubit5,5 µs,0.5,0.4515366430260047,0.0,287,0.10452961672473868,0.0
080623_6D2S_qubit5,6 µs,0.5,0.31520882584712373,0.0,214,0.014018691588785047,0.0
080623_6D2S_qubit5,7 µs,0.5,0.2293144208037825,0.0,162,0.012345679012345678,0.0
080623_6D2S_qubit5,8 µs,0.5,0.17178881008668243,0.0,121,0.01652892561983471,0.0
080623_6D2S_qubit5,9 µs,0.5,0.14893617021276595,0.0,104,0.0,0.0
080623_6D2S_qubit5,10 µs,0.5,0.12923561859732072,0.0,0,,
080623_6D2S_qubit5,1 µs,1.0,0.10007880220646179,0.0,1,0.0,0.8999211977935382
080623_6D2S_qubit5,2 µs,1.0,0.12450748620961387,0.0,1,0.0,0.8754925137903862
080623_6D2S_qubit5,3 µs,1.0,0.4144996059889677,0.0,65,0.13846153846153847,0.6
080623_6D2S_qubit5,4 µs,1.0,0.8211189913317573,0.0,286,0.02097902097902098,0.0
080623_6D2S_qubit5,5 µs,1.0,0.6083530338849488,0.0,287,0.003484320557491289,0.0
080623_6D2S_qubit5,6 µs,1.0,0.4247438928289992,0.0,214,0.004672897196261682,0.0
080623_6D2S_qubit5,7 µs,1.0,0.3033884948778566,0.0,162,0.0,0.0
080623_6D2S_qubit5,8 µs,1.0,0.24349881796690306,0.0,121,0.0,0.0
080623_6D2S_qubit5,9 µs,1.0,0.19779353821907014,0.0,104,0.0,0.0
080623_6D2S_qubit5,10 µs,1.0,0.169424743892829,0.0,0,,
080623_6D2S_qubit5,1 µs,2.0,0.23877068557919623,0.0,1,0.0,0.7612293144208038
080623_6D2S_qubit5,2 µs,2.0,0.4310480693459417,0.0,1,0.0,0.5689519306540584
080623_6D2S_qubit5,3 µs,2.0,0.9802994483845547,0.0,65,0.0,0.0
080623_6D2S_qubit5,4 µs,2.0,0.9219858156028369,0.0,286,0.0,0.0
080623_6D2S_qubit5,5 µs,2.0,0.7557131599684791,0.0,287,0.0,0.0
080623_6D2S_qubit5,6 µs,2.0,0.5831363278171788,0.0,214,0.0,0.0
080623_6D2S_qubit5,7 µs,2.0,0.4507486209613869,0.0,162,0.0,0.0
080623_6D2S_qubit5,8 µs,2.0,0.35855003940110325,0.0,121,0.0,0.0
080623_6D2S_qubit5,9 µs,2.0,0.28841607565011823,0.0,104,0.0,0.0
080623_6D2S_qubit5,10 µs,2.0,0.25216706067769895,0.0,0,,
080623_6D2S_qubit6,1 µs,0.5,0.04097714736012608,0.0,1,0.0,0.959022852639874
080623_6D2S_qubit6,2 µs,0.5,0.05358550039401103,0.0,1,0.0,0.946414499605989
080623_6D2S_qubit6,3 µs,0.5,0.1347517730496454,0.0,48,0.22916666666666666,0.8033088235294117
080623_6D2S_qubit6,4 µs,0.5,0.36958234830575254,0.0,210,0.2714285714285714,0.6363636363636364
080623_6D2S_qubit6,5 µs,0.5,0.4838455476753349,0.0,292,0.1404109589041096,0.0
080623_6D2S_qubit6,6 µs,0.5,0.40425531914893614,0.0,249,0.020080321285140562,0.0
080623_6D2S_qubit6,7 µs,0.5,0.2978723404255319,0.0,183,0.0273224043715847,0.0
080623_6D2S_qubit6,8 µs,0.5,0.2293144208037825,0.0,147,0.027210884353741496,0.0
080623_6D2S_qubit6,9 µs,0.5,0.18597320724980299,0.0,118,0.01694915254237288,0.0
080623_6D2S_qubit6,10 µs,0.5,0.16706067769897556,0.0,0,,
080623_6D2S_qubit6,1 µs,1.0,0.12135539795114263,0.0,1,0.0,0.8786446020488574
080623_6D2S_qubit6,2 µs,1.0,0.16233254531126873,0.0,1,0.0,0.8376674546887313
080623_6D2S_qubit6,3 µs,1.0,0.3892828999211978,0.0,48,0.020833333333333332,0.25
080623_6D2S_qubit6,4 µs,1.0,0.7990543735224587,0.0,210,0.014285714285714285,0.0
080623_6D2S_qubit6,5 µs,1.0,0.7131599684791174,0.0,292,0.0,0.0
080623_6D2S_qubit6,6 µs,1.0,0.5445232466509062,0.0,249,0.008032128514056224,0.0
080623_6D2S_qubit6,7 µs,1.0,0.40031520882584715,0.0,183,0.02185792349726776,0.0
080623_6D2S_qubit6,8 µs,1.0,0.3112687155240347,0.0,147,0.013605442176870748,0.0
080623_6D2S_qubit6,9 µs,1.0,0.2616233254531127,0.0,118,0.01694915254237288,0.0
080623_6D2S_qubit6,10 µs,1.0,0.21828211189913319,0.0,0,,
080623_6D2S_qubit6,1 µs,2.0,0.2915681639085894,0.0,1,0.0,0.7084318360914106
080623_6D2S_qubit6,2 µs,2.0,0.5208825847123719,0.0,1,0.0,0.4791174152876281
080623_6D2S_qubit6,3 µs,2.0,0.9448384554767534,0.0,48,0.0,0.0
080623_6D2S_qubit6,4 µs,2.0,0.9558707643814027,0.0,210,0.0,0.0
080623_6D2S_qubit6,5 µs,2.0,0.8479117415287628,0.0,292,0.0,0.0
080623_6D2S_qubit6,6 µs,2.0,0.6910953506698188,0.0,249,0.004016064257028112,0.0
080623_6D2S_qubit6,7 µs,2.0,0.5713159968479118,0.0,183,0.01092896174863388,0.0
080623_6D2S_qubit6,8 µs,2.0,0.46256895193065406,0.0,147,0.013605442176870748,0.0
080623_6D2S_qubit6,9 µs,2.0,0.3798266351457841,0.0,118,0.00847457627118644,0.0
080623_6D2S_qubit6,10 µs,2.0,0.32387706855791965,0.0,0,,
090623_6D2S_qubit5,1 µs,0.5,0.02972027972027972,0.0,2,0.0,0.9703564257028112
090623_6D2S_qubit5,2 µs,0.5,0.04020979020979021,0.0,2,0.0,0.9600502008032128
090623_6D2S_qubit5,3 µs,0.5,0.12027972027972028,0.0,101,0.27722772277227725,0.9090909090909091
090623_6D2S_qubit5,4 µs,0.5,0.3832167832167832,0.0,584,0.2602739726027397,0.6
090623_6D2S_qubit5,5 µs,0.5,0.48566433566433564,0.0,667,0.1184407796101949,0.0
090623_6D2S_qubit5,6 µs,0.5,0.35454545454545455,0.0,494,0.018218623481781375,0.0
090623_6D2S_qubit5,7 µs,0.5,0.24335664335664337,0.0,340,0.020588235294117647,0.0
090623_6D2S_qubit5,8 µs,0.5,0.17797202797202796,0.0,255,0.01568627450980392,0.0
090623_6D2S_qubit5,9 µs,0.5,0.13496503496503495,0.0,212,0.014150943396226415,0.0
090623_6D2S_qubit5,10 µs,0.5,0.11958041958041958,0.0,0,,
090623_6D2S_qubit5,1 µs,1.0,0.08671328671328671,0.0,2,0.0,0.9131777108433734
090623_6D2S_qubit5,2 µs,1.0,0.10944055944055944,0.0,2,0.0,0.8895582329317269
090623_6D2S_qubit5,3 µs,1.0,0.4,0.0,101,0.0594059405940594,0.609375
090623_6D2S_qubit5,4 µs,1.0,0.8381118881118881,0.0,584,0.018835616438356163,0.0
090623_6D2S_qubit5,5 µs,1.0,0.6695804195804196,0.0,667,0.004497751124437781,0.0
090623_6D2S_qubit5,6 µs,1.0,0.4699300699300699,0.0,494,0.006072874493927126,0.0
090623_6D2S_qubit5,7 µs,1.0,0.33916083916083917,0.0,340,0.0058823529411764705,0.0
090623_6D2S_qubit5,8 µs,1.0,0.25874125874125875,0.0,255,0.00784313725490196,0.0
090623_6D2S_qubit5,9 µs,1.0,0.2013986013986014,0.0,212,0.009433962264150943,0.0
090623_6D2S_qubit5,10 µs,1.0,0.1646853146853147,0.0,0,,
090623_6D2S_qubit5,1 µs,2.0,0.2534965034965035,0.0,2,0.0,0.7417921686746989
090623_6D2S_qubit5,2 µs,2.0,0.47587412587412586,0.0,2,0.0,0.5165110441767068
090623_6D2S_qubit5,3 µs,2.0,0.9804195804195804,0.0,101,0.0,0.0
090623_6D2S_qubit5,4 µs,2.0,0.9454545454545454,0.0,584,0.003424657534246575,0.0
090623_6D2S_qubit5,5 µs,2.0,0.8083916083916084,0.0,667,0.0029985007496251873,0.0
090623_6D2S_qubit5,6 µs,2.0,0.6503496503496503,0.0,494,0.004048582995951417,0.0
090623_6D2S_qubit5,7 µs,2.0,0.5038461538461538,0.0,340,0.0029411764705882353,0.0
090623_6D2S_qubit5,8 µs,2.0,0.39825174825174825,0.0,255,0.00392156862745098,0.0
090623_6D2S_qubit5,9 µs,2.0,0.3265734265734266,0.0,212,0.0047169811320754715,0.0
090623_6D2S_qubit5,10 µs,2.0,0.27342657342657345,0.0,0,,
090623_6D2S_qubit6,1 µs,0.5,0.06787963610916725,0.0,2,0.0,0.9301828348452239
090623_6D2S_qubit6,2 µs,0.5,0.07977606717984605,0.0,2,0.0,0.9180833517710241
090623_6D2S_qubit6,3 µs,0.5,0.19489153254023792,0.0,147,0.17006802721088435,0.8285714285714286
090623_6D2S_qubit6,4 µs,0.5,0.4370188943317005,0.0,554,0.2111913357400722,0.5
090623_6D2S_qubit6,5 µs,0.5,0.533589923023093,0.0,684,0.11403508771929824,0.0
090623_6D2S_qubit6,6 µs,0.5,0.43981805458362494,0.0,614,0.04560260586319218,0.0
090623_6D2S_qubit6,7 µs,0.5,0.3355493351994402,0.0,484,0.022727272727272728,0.0
090623_6D2S_qubit6,8 µs,0.5,0.2627711686494052,0.0,390,0.03076923076923077,0.0
090623_6D2S_qubit6,9 µs,0.5,0.2165850244926522,0.0,333,0.018018018018018018,0.0
090623_6D2S_qubit6,10 µs,0.5,0.18859342197340798,0.0,0,,
090623_6D2S_qubit6,1 µs,1.0,0.14940517844646606,0.0,2,0.0,0.8482702093851198
090623_6D2S_qubit6,2 µs,1.0,0.19769069279216236,0.0,2,0.0,0.8004314419615021
090623_6D2S_qubit6,3 µs,1.0,0.5790762771168649,0.0,147,0.04081632653061224,0.4
090623_6D2S_qubit6,4 µs,1.0,0.7963610916724982,0.0,554,0.016245487364620937,0.0
090623_6D2S_qubit6,5 µs,1.0,0.71518544436669,0.0,684,0.007309941520467836,0.0
090623_6D2S_qubit6,6 µs,1.0,0.5706787963610916,0.0,614,0.013029315960912053,0.0
090623_6D2S_qubit6,7 µs,1.0,0.4377186843946816,0.0,484,0.02066115702479339,0.0
090623_6D2S_qubit6,8 µs,1.0,0.3547935619314206,0.0,390,0.015384615384615385,0.0
090623_6D2S_qubit6,9 µs,1.0,0.29426172148355495,0.0,333,0.006006006006006006,0.0
090623_6D2S_qubit6,10 µs,1.0,0.25787263820853745,0.0,0,,
090623_6D2S_qubit6,1 µs,2.0,0.381035689293212,0.0,2,0.0,0.6154192730856649
090623_6D2S_qubit6,2 µs,2.0,0.6840447865640308,0.0,2,0.0,0.3124107448156566
090623_6D2S_qubit6,3 µs,2.0,0.9485654303708887,0.0,147,0.0,0.0
090623_6D2S_qubit6,4 µs,2.0,0.9412176347095871,0.0,554,0.0,0.0
090623_6D2S_qubit6,5 µs,2.0,0.8414975507347796,0.0,684,0.005847953216374269,0.0
090623_6D2S_qubit6,6 µs,2.0,0.7123862841147656,0.0,614,0.006514657980456026,0.0
090623_6D2S_qubit6,7 µs,2.0,0.6053184044786564,0.0,484,0.006198347107438017,0.0
090623_6D2S_qubit6,8 µs,2.0,0.5052484254723583,0.0,390,0.005128205128205128,0.0
090623_6D2S_qubit6,9 µs,2.0,0.43351994401679494,0.0,333,0.0,0.0
090623_6D2S_qubit6,10 µs,2.0,0.3726382085374388,0.0,0,,
100423_6D2S_qubit1,1 µs,0.5,0.0004940711462450593,0.0,2,0.5,0.9996387283236994
100423_6D2S_qubit1,2 µs,0.5,0.0014822134387351778,0.0,2,0.0,0.9984962066473988
100423_6D2S_qubit1,3 µs,0.5,0.10276679841897234,0.0,76,0.27631578947368424,0.9285714285714286
100423_6D2S_qubit1,4 µs,0.5,0.3883399209486166,0.0,476,0.3172268907563025,0.3333333333333333
100423_6D2S_qubit1,5 µs,0.5,0.17144268774703558,0.0,157,0.08280254777070063,0.0
100423_6D2S_qubit1,6 µs,0.5,0.0691699604743083,0.0,52,0.0,0.0
100423_6D2S_qubit1,7 µs,0.5,0.03260869565217391,0.0,20,0.0,0.0
100423_6D2S_qubit1,8 µs,0.5,0.017786561264822136,0.0,9,0.0,0.0
100423_6D2S_qubit1,9 µs,0.5,0.010375494071146246,0.0,5,0.0,0.0
100423_6D2S_qubit1,10 µs,0.5,0.006422924901185771,0.0,0,,
100423_6D2S_qubit1,1 µs,1.0,0.003458498023715415,0.0,2,0.0,0.9966311416184971
100423_6D2S_qubit1,2 µs,1.0,0.008399209486166008,0.0,2,0.0,0.9900785765895954
100423_6D2S_qubit1,3 µs,1.0,0.3532608695652174,0.0,76,0.039473684210526314,0.6666666666666666
100423_6D2S_qubit1,4 µs,1.0,0.7050395256916996,0.0,476,0.008403361344537815,0.0
100423_6D2S_qubit1,5 µs,1.0,0.2974308300395257,0.0,157,0.0,0.0
100423_6D2S_qubit1,6 µs,1.0,0.12302371541501976,0.0,52,0.0,0.0
100423_6D2S_qubit1,7 µs,1.0,0.056818181818181816,0.0,20,0.0,0.0
100423_6D2S_qubit1,8 µs,1.0,0.03606719367588933,0.0,9,0.0,0.0
100423_6D2S_qubit1,9 µs,1.0,0.023221343873517788,0.0,5,0.0,0.0
100423_6D2S_qubit1,10 µs,1.0,0.01432806324110672,0.0,0,,
100423_6D2S_qubit1,1 µs,2.0,0.03162055335968379,0.0,2,0.0,0.9693190028901735
100423_6D2S_qubit1,2 µs,2.0,0.116600790513834,0.0,2,0.0,0.8895411849710982
100423_6D2S_qubit1,3 µs,2.0,0.9935770750988142,0.0,76,0.0,0.0
100423_6D2S_qubit1,4 µs,2.0,0.900691699604743,0.0,476,0.0,0.0
100423_6D2S_qubit1,5 µs,2.0,0.5247035573122529,0.0,157,0.0,0.0
100423_6D2S_qubit1,6 µs,2.0,0.26877470355731226,0.0,52,0.0,0.0
100423_6D2S_qubit1,7 µs,2.0,0.1432806324110672,0.0,20,0.0,0.0
100423_6D2S_qubit1,8 µs,2.0,0.08399209486166008,0.0,9,0.0,0.0
100423_6D2S_qubit1,9 µs,2.0,0.05138339920948617,0.0,5,0.0,0.0
100423_6D2S_qubit1,10 µs,2.0,0.037549407114624504,0.0,0,,
100723_6D2S_qubit4,1 µs,0.5,0.09161290322580645,0.0,2,0.0,0.9073700459019945
100723_6D2S_qubit4,2 µs,0.5,0.11870967741935484,0.0,2,0.0,0.8796562089556281
100723_6D2S_qubit4,3 µs,0.5,0.1870967741935484,0.0,17,0.058823529411764705,0.8157894736842105
100723_6D2S_qubit4,4 µs,0.5,0.447741935483871,0.0,117,0.18803418803418803,0.5
100723_6D2S_qubit4,5 µs,0.5,0.6270967741935484,0.0,174,0.04597701149425287,0.0
100723_6D2S_qubit4,6 µs,0.5,0.512258064516129,0.0,173,0.017341040462427744,0.0
100723_6D2S_qubit4,7 µs,0.5,0.4232258064516129,0.0,155,0.012903225806451613,0.0
100723_6D2S_qubit4,8 µs,0.5,0.36774193548387096,0.0,139,0.02158273381294964,0.0
100723_6D2S_qubit4,9 µs,0.5,0.3303225806451613,0.0,123,0.024390243902439025,0.0
100723_6D2S_qubit4,10 µs,0.5,0.30451612903225805,0.0,0,,
100723_6D2S_qubit4,1 µs,1.0,0.23741935483870968,0.0,2,0.0,0.7603177934545652
100723_6D2S_qubit4,2 µs,1.0,0.27741935483870966,0.0,2,0.0,0.7198218081865327
100723_6D2S_qubit4,3 µs,1.0,0.47870967741935483,0.0,17,0.0,0.5
100723_6D2S_qubit4,4 µs,1.0,0.9225806451612903,0.0,117,0.0,0.0
100723_6D2S_qubit4,5 µs,1.0,0.7741935483870968,0.0,174,0.0,0.0
100723_6D2S_qubit4,6 µs,1.0,0.6296774193548387,0.0,173,0.005780346820809248,0.0
100723_6D2S_qubit4,7 µs,1.0,0.5096774193548387,0.0,155,0.0064516129032258064,0.0
100723_6D2S_qubit4,8 µs,1.0,0.43870967741935485,0.0,139,0.014388489208633094,0.0
100723_6D2S_qubit4,9 µs,1.0,0.4,0.0,123,0.0,0.0
100723_6D2S_qubit4,10 µs,1.0,0.36,0.0,0,,
100723_6D2S_qubit4,1 µs,2.0,0.4374193548387097,0.0,2,0.0,0.5591783678388149
100723_6D2S_qubit4,2 µs,2.0,0.6270967741935484,0.0,2,0.0,0.37221913801741296
100723_6D2S_qubit4,3 µs,2.0,0.9922580645161291,0.0,17,0.0,0.0
100723_6D2S_qubit4,4 µs,2.0,0.9638709677419355,0.0,117,0.0,0.0
100723_6D2S_qubit4,5 µs,2.0,0.8877419354838709,0.0,174,0.0,0.0
100723_6D2S_qubit4,6 µs,2.0,0.7664516129032258,0.0,173,0.0,0.0
100723_6D2S_qubit4,7 µs,2.0,0.6593548387096774,0.0,155,0.0064516129032258064,0.0
100723_6D2S_qubit4,8 µs,2.0,0.5716129032258065,0.0,139,0.0,0.0
100723_6D2S_qubit4,9 µs,2.0,0.5070967741935484,0.0,123,0.0,0.0
100723_6D2S_qubit4,10 µs,2.0,0.45548387096774196,0.0,0,,
110723_6D2S_qubit3,1 µs,0.5,0.27133608004708654,0.0,9,0.3333333333333333,0.7385159010600707
110723_6D2S_qubit3,2 µs,0.5,0.4526191877575044,0.0,236,0.1271186440677966,0.5
110723_6D2S_qubit3,3 µs,0.5,0.6056503825779871,0.0,414,0.016908212560386472,0.0
110723_6D2S_qubit3,4 µs,0.5,0.48440258975868156,0.0,409,0.009779951100244499,0.0
110723_6D2S_qubit3,5 µs,0.5,0.39846968805179517,0.0,380,0.015789473684210527,0.0
110723_6D2S_qubit3,6 µs,0.5,0.34844025897586817,0.0,352,0.017045454545454544,0.0
110723_6D2S_qubit3,7 µs,0.5,0.32195409064155384,0.0,335,0.011940298507462687,0.0
110723_6D2S_qubit3,8 µs,0.5,0.3084167157151265,0.0,324,0.0030864197530864196,0.0
110723_6D2S_qubit3,9 µs,0.5,0.2942907592701589,0.0,314,0.0,0.0
110723_6D2S_qubit3,10 µs,0.5,0.2872277810476751,0.0,0,,
110723_6D2S_qubit3,1 µs,1.0,0.3761035903472631,0.0,9,0.3333333333333333,0.6307420494699647
110723_6D2S_qubit3,2 µs,1.0,0.8399058269570335,0.0,236,0.00423728813559322,0.0
110723_6D2S_qubit3,3 µs,1.0,0.6992348440258976,0.0,414,0.004830917874396135,0.0
110723_6D2S_qubit3,4 µs,1.0,0.5473808122424956,0.0,409,0.007334963325183374,0.0
110723_6D2S_qubit3,5 µs,1.0,0.4643908181283108,0.0,380,0.007894736842105263,0.0
110723_6D2S_qubit3,6 µs,1.0,0.4090641553855209,0.0,352,0.002840909090909091,0.0
110723_6D2S_qubit3,7 µs,1.0,0.37845791642142435,0.0,335,0.0029850746268656717,0.0
110723_6D2S_qubit3,8 µs,1.0,0.3507945850500294,0.0,324,0.0,0.0
110723_6D2S_qubit3,9 µs,1.0,0.33137139493819895,0.0,314,0.0,0.0
110723_6D2S_qubit3,10 µs,1.0,0.32195409064155384,0.0,0,,
110723_6D2S_qubit3,1 µs,2.0,0.7045320776927605,0.0,9,0.0,0.07142857142857142
110723_6D2S_qubit3,2 µs,2.0,0.9576221306650972,0.0,236,0.0,0.0
110723_6D2S_qubit3,3 µs,2.0,0.794585050029429,0.0,414,0.0,0.0
110723_6D2S_qubit3,4 µs,2.0,0.660977045320777,0.0,409,0.0024449877750611247,0.0
110723_6D2S_qubit3,5 µs,2.0,0.559152442613302,0.0,380,0.002631578947368421,0.0
110723_6D2S_qubit3,6 µs,2.0,0.5008828722778105,0.0,352,0.0,0.0
110723_6D2S_qubit3,7 µs,2.0,0.4514420247204238,0.0,335,0.0,0.0
110723_6D2S_qubit3,8 µs,2.0,0.4161271336080047,0.0,324,0.0,0.0
110723_6D2S_qubit3,9 µs,2.0,0.392583872866392,0.0,314,0.0,0.0
110723_6D2S_qubit3,10 µs,2.0,0.379635079458505,0.0,0,,
120423_6D2S_qubit1,1 µs,0.5,0.0,0.0,1,1.0,1.0
120423_6D2S_qubit1,2 µs,0.5,0.0,0.0,1,1.0,1.0
120423_6D2S_qubit1,3 µs,0.5,0.22809457579972184,0.0,92,0.41304347826086957,0.875
120423_6D2S_qubit1,4 µs,0.5,0.2141863699582754,0.0,74,0.25675675675675674,0.0
120423_6D2S_qubit1,5 µs,0.5,0.01808066759388039,0.0,5,0.2,0.0
120423_6D2S_qubit1,6 µs,0.5,0.005563282336578581,0.0,1,0.0,0.0
120423_6D2S_qubit1,7 µs,0.5,0.0013908205841446453,0.0,0,,
120423_6D2S_qubit1,8 µs,0.5,0.0,0.0,0,,
120423_6D2S_qubit1,9 µs,0.5,0.0,0.0,0,,
120423_6D2S_qubit1,10 µs,0.5,0.0,0.0,0,,
120423_6D2S_qubit1,1 µs,1.0,0.0,0.0,1,1.0,1.0
120423_6D2S_qubit1,2 µs,1.0,0.0,0.0,1,1.0,1.0
120423_6D2S_qubit1,3 µs,1.0,0.4714881780250348,0.0,92,0.15217391304347827,0.6125
120423_6D2S_qubit1,4 µs,1.0,0.38247566063977745,0.0,74,0.0,0.0
120423_6D2S_qubit1,5 µs,1.0,0.05006954102920723,0.0,5,0.0,0.0
120423_6D2S_qubit1,6 µs,1.0,0.009735744089012517,0.0,1,0.0,0.0
120423_6D2S_qubit1,7 µs,1.0,0.004172461752433936,0.0,0,,
120423_6D2S_qubit1,8 µs,1.0,0.0013908205841446453,0.0,0,,
120423_6D2S_qubit1,9 µs,1.0,0.0,0.0,0,,
120423_6D2S_qubit1,10 µs,1.0,0.0,0.0,0,,
120423_6D2S_qubit1,1 µs,2.0,0.0,0.0,1,1.0,1.0
120423_6D2S_qubit1,2 µs,2.0,0.005563282336578581,0.0,1,0.0,0.9944367176634215
120423_6D2S_qubit1,3 µs,2.0,0.9819193324061196,0.0,92,0.021739130434782608,0.0
120423_6D2S_qubit1,4 µs,2.0,0.6119610570236439,0.0,74,0.0,0.0
120423_6D2S_qubit1,5 µs,2.0,0.16828929068150209,0.0,5,0.0,0.0
120423_6D2S_qubit1,6 µs,2.0,0.03477051460361613,0.0,1,0.0,0.0
120423_6D2S_qubit1,7 µs,2.0,0.011126564673157162,0.0,0,,
120423_6D2S_qubit1,8 µs,2.0,0.005563282336578581,0.0,0,,
120423_6D2S_qubit1,9 µs,2.0,0.0013908205841446453,0.0,0,,
120423_6D2S_qubit1,10 µs,2.0,0.0013908205841446453,0.0,0,,
120423_6D2S_qubit1_after,1 µs,0.5,0.0,0.0,1,1.0,1.0
120423_6D2S_qubit1_after,2 µs,0.5,0.0,0.0,1,1.0,1.0
120423_6D2S_qubit1_after,3 µs,0.5,0.27014218009478674,0.0,37,0.43243243243243246,0.875
120423_6D2S_qubit1_after,4 µs,0.5,0.22274881516587677,0.0,21,0.23809523809523808,0.0
120423_6D2S_qubit1_after,5 µs,0.5,0.009478672985781991,0.0,0,,
120423_6D2S_qubit1_after,6 µs,0.5,0.0,0.0,0,,
120423_6D2S_qubit1_after,7 µs,0.5,0.0,0.0,0,,
120423_6D2S_qubit1_after,8 µs,0.5,0.0,0.0,0,,
120423_6D2S_qubit1_after,9 µs,0.5,0.0,0.0,0,,
120423_6D2S_qubit1_after,10 µs,0.5,0.0,0.0,0,,
120423_6D2S_qubit1_after,1 µs,1.0,0.0,0.0,1,1.0,1.0
120423_6D2S_qubit1_after,2 µs,1.0,0.0,0.0,1,1.0,1.0
120423_6D2S_qubit1_after,3 µs,1.0,0.4881516587677725,0.0,37,0.2972972972972973,0.6666666666666666
120423_6D2S_qubit1_after,4 µs,1.0,0.36018957345971564,0.0,21,0.0,0.0
120423_6D2S_qubit1_after,5 µs,1.0,0.037914691943127965,0.0,0,,
120423_6D2S_qubit1_after,6 µs,1.0,0.0,0.0,0,,
120423_6D2S_qubit1_after,7 µs,1.0,0.0,0.0,0,,
120423_6D2S_qubit1_after,8 µs,1.0,0.0,0.0,0,,
120423_6D2S_qubit1_after,9 µs,1.0,0.0,0.0,0,,
120423_6D2S_qubit1_after,10 µs,1.0,0.0,0.0,0,,
120423_6D2S_qubit1_after,1 µs,2.0,0.0,0.0,1,1.0,1.0
120423_6D2S_qubit1_after,2 µs,2.0,0.0,0.0,1,1.0,1.0
120423_6D2S_qubit1_after,3 µs,2.0,0.966824644549763,0.0,37,0.05405405405405406,0.0
120423_6D2S_qubit1_after,4 µs,2.0,0.5734597156398105,0.0,21,0.0,0.0
120423_6D2S_qubit1_after,5 µs,2.0,0.14691943127962084,0.0,0,,
120423_6D2S_qubit1_after,6 µs,2.0,0.014218009478672985,0.0,0,,
120423_6D2S_qubit1_after,7 µs,2.0,0.0,0.0,0,,
120423_6D2S_qubit1_after,8 µs,2.0,0.0,0.0,0,,
120423_6D2S_qubit1_after,9 µs,2.0,0.0,0.0,0,,
120423_6D2S_qubit1_after,10 µs,2.0,0.0,0.0,0,,
120423_6D2S_qubit1_before,1 µs,0.5,0.0,0.0,1,1.0,1.0
120423_6D2S_qubit1_before,2 µs,0.5,0.0,0.0,1,1.0,1.0
120423_6D2S_qubit1_before,3 µs,0.5,0.2106299212598425,0.0,56,0.4107142857142857,0.8660714285714286
120423_6D2S_qubit1_before,4 µs,0.5,0.2106299212598425,0.0,53,0.2641509433962264,0.0
120423_6D2S_qubit1_before,5 µs,0.5,0.021653543307086614,0.0,5,0.2,0.0
120423_6D2S_qubit1_before,6 µs,0.5,0.007874015748031496,0.0,1,0.0,0.0
120423_6D2S_qubit1_before,7 µs,0.5,0.001968503937007874,0.0,0,,
120423_6D2S_qubit1_before,8 µs,0.5,0.0,0.0,0,,
120423_6D2S_qubit1_before,9 µs,0.5,0.0,0.0,0,,
120423_6D2S_qubit1_before,10 µs,0.5,0.0,0.0,0,,
120423_6D2S_qubit1_before,1 µs,1.0,0.0,0.0,1,1.0,1.0
120423_6D2S_qubit1_before,2 µs,1.0,0.0,0.0,1,1.0,1.0
120423_6D2S_qubit1_before,3 µs,1.0,0.4645669291338583,0.0,56,0.07142857142857142,0.5539772727272727
120423_6D2S_qubit1_before,4 µs,1.0,0.39173228346456695,0.0,53,0.0,0.0
120423_6D2S_qubit1_before,5 µs,1.0,0.05511811023622047,0.0,5,0.0,0.0
120423_6D2S_qubit1_before,6 µs,1.0,0.013779527559055118,0.0,1,0.0,0.0
120423_6D2S_qubit1_before,7 µs,1.0,0.005905511811023622,0.0,0,,
120423_6D2S_qubit1_before,8 µs,1.0,0.001968503937007874,0.0,0,,
120423_6D2S_qubit1_before,9 µs,1.0,0.0,0.0,0,,
120423_6D2S_qubit1_before,10 µs,1.0,0.0,0.0,0,,
120423_6D2S_qubit1_before,1 µs,2.0,0.0,0.0,1,1.0,1.0
120423_6D2S_qubit1_before,2 µs,2.0,0.007874015748031496,0.0,1,0.0,0.9921259842519685
120423_6D2S_qubit1_before,3 µs,2.0,0.9881889763779528,0.0,56,0.0,0.0
120423_6D2S_qubit1_before,4 µs,2.0,0.6279527559055118,0.0,53,0.0,0.0
120423_6D2S_qubit1_before,5 µs,2.0,0.17716535433070865,0.0,5,0.0,0.0
120423_6D2S_qubit1_before,6 µs,2.0,0.04330708661417323,0.0,1,0.0,0.0
120423_6D2S_qubit1_before,7 µs,2.0,0.015748031496062992,0.0,0,,
120423_6D2S_qubit1_before,8 µs,2.0,0.007874015748031496,0.0,0,,
120423_6D2S_qubit1_before,9 µs,2.0,0.001968503937007874,0.0,0,,
120423_6D2S_qubit1_before,10 µs,2.0,0.001968503937007874,0.0,0,,
120423_6D2S_qubit5,1 µs,0.5,0.0125,0.0,1,0.0,0.9875
120423_6D2S_qubit5,2 µs,0.5,0.018055555555555554,0.0,1,0.0,0.9819444444444444
120423_6D2S_qubit5,3 µs,0.5,0.03611111111111111,0.0,5,0.2,0.966
120423_6D2S_qubit5,4 µs,0.5,0.2569444444444444,0.0,117,0.37606837606837606,0.8
120423_6D2S_qubit5,5 µs,0.5,0.40555555555555556,0.0,177,0.3389830508474576,0.5
120423_6D2S_qubit5,6 µs,0.5,0.3527777777777778,0.0,140,0.07142857142857142,0.0
120423_6D2S_qubit5,7 µs,0.5,0.24722222222222223,0.0,97,0.0,0.0
120423_6D2S_qubit5,8 µs,0.5,0.17083333333333334,0.0,66,0.0,0.0
120423_6D2S_qubit5,9 µs,0.5,0.13194444444444445,0.0,48,0.0,0.0
120423_6D2S_qubit5,10 µs,0.5,0.10277777777777777,0.0,0,,
120423_6D2S_qubit5,1 µs,1.0,0.04583333333333333,0.0,1,0.0,0.9541666666666667
120423_6D2S_qubit5,2 µs,1.0,0.0625,0.0,1,0.0,0.9375
120423_6D2S_qubit5,3 µs,1.0,0.12916666666666668,0.0,5,0.0,0.88
120423_6D2S_qubit5,4 µs,1.0,0.7430555555555556,0.0,117,0.02564102564102564,0.2
120423_6D2S_qubit5,5 µs,1.0,0.7194444444444444,0.0,177,0.005649717514124294,0.0
120423_6D2S_qubit5,6 µs,1.0,0.4986111111111111,0.0,140,0.0,0.0
120423_6D2S_qubit5,7 µs,1.0,0.35,0.0,97,0.0,0.0
120423_6D2S_qubit5,8 µs,1.0,0.24583333333333332,0.0,66,0.0,0.0
120423_6D2S_qubit5,9 µs,1.0,0.1875,0.0,48,0.0,0.0
120423_6D2S_qubit5,10 µs,1.0,0.15,0.0,0,,
120423_6D2S_qubit5,1 µs,2.0,0.1597222222222222,0.0,1,0.0,0.8402777777777778
120423_6D2S_qubit5,2 µs,2.0,0.26666666666666666,0.0,1,0.0,0.7333333333333333
120423_6D2S_qubit5,3 µs,2.0,0.8666666666666667,0.0,5,0.0,0.14893617021276595
120423_6D2S_qubit5,4 µs,2.0,0.9791666666666666,0.0,117,0.0,0.0
120423_6D2S_qubit5,5 µs,2.0,0.8597222222222223,0.0,177,0.0,0.0
120423_6D2S_qubit5,6 µs,2.0,0.6833333333333333,0.0,140,0.0,0.0
120423_6D2S_qubit5,7 µs,2.0,0.5166666666666667,0.0,97,0.0,0.0
120423_6D2S_qubit5,8 µs,2.0,0.3888888888888889,0.0,66,0.0,0.0
120423_6D2S_qubit5,9 µs,2.0,0.31527777777777777,0.0,48,0.0,0.0
120423_6D2S_qubit5,10 µs,2.0,0.24166666666666667,0.0,0,,
120423_6D2S_qubit6,1 µs,0.5,0.011157601115760111,0.0,1,0.0,0.9888423988842399
120423_6D2S_qubit6,2 µs,0.5,0.012552301255230125,0.0,1,0.0,0.9874476987447699
120423_6D2S_qubit6,3 µs,0.5,0.019525801952580194,0.0,3,0.0,0.9806338028169014
120423_6D2S_qubit6,4 µs,0.5,0.1603905160390516,0.0,58,0.41379310344827586,0.9188311688311688
120423_6D2S_qubit6,5 µs,0.5,0.40446304044630405,0.0,171,0.34502923976608185,0.5
120423_6D2S_qubit6,6 µs,0.5,0.3877266387726639,0.0,149,0.15436241610738255,0.0
120423_6D2S_qubit6,7 µs,0.5,0.28451882845188287,0.0,98,0.05102040816326531,0.0
120423_6D2S_qubit6,8 µs,0.5,0.18410041841004185,0.0,71,0.028169014084507043,0.0
120423_6D2S_qubit6,9 µs,0.5,0.1394700139470014,0.0,53,0.0,0.0
120423_6D2S_qubit6,10 µs,0.5,0.10739191073919108,0.0,0,,
120423_6D2S_qubit6,1 µs,1.0,0.044630404463040445,0.0,1,0.0,0.9553695955369595
120423_6D2S_qubit6,2 µs,1.0,0.0502092050209205,0.0,1,0.0,0.9497907949790795
120423_6D2S_qubit6,3 µs,1.0,0.07531380753138076,0.0,3,0.0,0.9333333333333333
120423_6D2S_qubit6,4 µs,1.0,0.5564853556485355,0.0,58,0.13793103448275862,0.46153846153846156
120423_6D2S_qubit6,5 µs,1.0,0.793584379358438,0.0,171,0.017543859649122806,0.0
120423_6D2S_qubit6,6 µs,1.0,0.5801952580195258,0.0,149,0.006711409395973154,0.0
120423_6D2S_qubit6,7 µs,1.0,0.37517433751743373,0.0,98,0.02040816326530612,0.0
120423_6D2S_qubit6,8 µs,1.0,0.27475592747559274,0.0,71,0.0,0.0
120423_6D2S_qubit6,9 µs,1.0,0.19386331938633194,0.0,53,0.0,0.0
120423_6D2S_qubit6,10 µs,1.0,0.1589958158995816,0.0,0,,
120423_6D2S_qubit6,1 µs,2.0,0.14086471408647142,0.0,1,0.0,0.8591352859135286
120423_6D2S_qubit6,2 µs,2.0,0.20641562064156208,0.0,1,0.0,0.793584379358438
120423_6D2S_qubit6,3 µs,2.0,0.6931659693165969,0.0,3,0.0,0.3028169014084507
120423_6D2S_qubit6,4 µs,2.0,0.9902370990237099,0.0,58,0.0,0.0
120423_6D2S_qubit6,5 µs,2.0,0.9246861924686193,0.0,171,0.0,0.0
120423_6D2S_qubit6,6 µs,2.0,0.7489539748953975,0.0,149,0.0,0.0
120423_6D2S_qubit6,7 µs,2.0,0.5871687587168759,0.0,98,0.0,0.0
120423_6D2S_qubit6,8 µs,2.0,0.42677824267782427,0.0,71,0.0,0.0
120423_6D2S_qubit6,9 µs,2.0,0.3333333333333333,0.0,53,0.0,0.0
120423_6D2S_qubit6,10 µs,2.0,0.26220362622036264,0.0,0,,
210423_6D2S_qubit1,1 µs,0.5,0.014583333333333334,0.0,1,0.0,0.9854166666666667
210423_6D2S_qubit1,2 µs,0.5,0.020833333333333332,0.0,3,0.3333333333333333,0.980565371024735
210423_6D2S_qubit1,3 µs,0.5,0.153125,0.0,73,0.3972602739726027,0.9
210423_6D2S_qubit1,4 µs,0.5,0.30416666666666664,0.0,203,0.3891625615763547,0.6666666666666666
210423_6D2S_qubit1,5 µs,0.5,0.2760416666666667,0.0,143,0.16783216783216784,0.0
210423_6D2S_qubit1,6 µs,0.5,0.17604166666666668,0.0,86,0.023255813953488372,0.0
210423_6D2S_qubit1,7 µs,0.5,0.11458333333333333,0.0,53,0.018867924528301886,0.0
210423_6D2S_qubit1,8 µs,0.5,0.078125,0.0,42,0.047619047619047616,0.0
210423_6D2S_qubit1,9 µs,0.5,0.06875,0.0,36,0.05555555555555555,0.0
210423_6D2S_qubit1,10 µs,0.5,0.05520833333333333,0.0,0,,
210423_6D2S_qubit1,1 µs,1.0,0.03854166666666667,0.0,1,0.0,0.9614583333333333
210423_6D2S_qubit1,2 µs,1.0,0.052083333333333336,0.0,3,0.0,0.9396325459317585
210423_6D2S_qubit1,3 µs,1.0,0.39791666666666664,0.0,73,0.1506849315068493,0.625
210423_6D2S_qubit1,4 µs,1.0,0.6239583333333333,0.0,203,0.04926108374384237,0.0
210423_6D2S_qubit1,5 µs,1.0,0.396875,0.0,143,0.006993006993006993,0.0
210423_6D2S_qubit1,6 µs,1.0,0.25,0.0,86,0.011627906976744186,0.0
210423_6D2S_qubit1,7 µs,1.0,0.16979166666666667,0.0,53,0.018867924528301886,0.0
210423_6D2S_qubit1,8 µs,1.0,0.12291666666666666,0.0,42,0.047619047619047616,0.0
210423_6D2S_qubit1,9 µs,1.0,0.08645833333333333,0.0,36,0.027777777777777776,0.0
210423_6D2S_qubit1,10 µs,1.0,0.071875,0.0,0,,
210423_6D2S_qubit1,1 µs,2.0,0.10833333333333334,0.0,1,0.0,0.8916666666666667
210423_6D2S_qubit1,2 µs,2.0,0.24479166666666666,0.0,3,0.0,0.7279151943462897
210423_6D2S_qubit1,3 µs,2.0,0.9479166666666666,0.0,73,0.0,0.0
210423_6D2S_qubit1,4 µs,2.0,0.8135416666666667,0.0,203,0.0049261083743842365,0.0
210423_6D2S_qubit1,5 µs,2.0,0.5520833333333334,0.0,143,0.006993006993006993,0.0
210423_6D2S_qubit1,6 µs,2.0,0.37604166666666666,0.0,86,0.011627906976744186,0.0
210423_6D2S_qubit1,7 µs,2.0,0.271875,0.0,53,0.018867924528301886,0.0
210423_6D2S_qubit1,8 µs,2.0,0.209375,0.0,42,0.023809523809523808,0.0
210423_6D2S_qubit1,9 µs,2.0,0.16145833333333334,0.0,36,0.027777777777777776,0.0
210423_6D2S_qubit1,10 µs,2.0,0.13125,0.0,0,,
210423_6D2S_qubit2,1 µs,0.5,0.016684045881126174,0.0,1,0.0,0.9833159541188738
210423_6D2S_qubit2,2 µs,0.5,0.043795620437956206,0.0,18,0.3888888888888889,0.9758720930232558
210423_6D2S_qubit2,3 µs,0.5,0.3691345151199166,0.0,221,0.3393665158371041,0.5
210423_6D2S_qubit2,4 µs,0.5,0.2638164754953076,0.0,134,0.06716417910447761,0.0
210423_6D2S_qubit2,5 µs,0.5,0.15015641293013557,0.0,56,0.0,0.0
210423_6D2S_qubit2,6 µs,0.5,0.09280500521376434,0.0,45,0.0,0.0
210423_6D2S_qubit2,7 µs,0.5,0.06360792492179354,0.0,29,0.0,0.0
210423_6D2S_qubit2,8 µs,0.5,0.05213764337851929,0.0,19,0.0,0.0
210423_6D2S_qubit2,9 µs,0.5,0.04692387904066736,0.0,17,0.0,0.0
210423_6D2S_qubit2,10 µs,0.5,0.03858185610010428,0.0,0,,
210423_6D2S_qubit2,1 µs,1.0,0.047966631908237745,0.0,1,0.0,0.9520333680917622
210423_6D2S_qubit2,2 µs,1.0,0.1908237747653806,0.0,18,0.1111111111111111,0.8315565031982942
210423_6D2S_qubit2,3 µs,1.0,0.7413972888425443,0.0,221,0.004524886877828055,0.0
210423_6D2S_qubit2,4 µs,1.0,0.38477580813347234,0.0,134,0.0,0.0
210423_6D2S_qubit2,5 µs,1.0,0.20855057351407716,0.0,56,0.0,0.0
210423_6D2S_qubit2,6 µs,1.0,0.1334723670490094,0.0,45,0.0,0.0
210423_6D2S_qubit2,7 µs,1.0,0.09697601668404589,0.0,29,0.0,0.0
210423_6D2S_qubit2,8 µs,1.0,0.07194994786235662,0.0,19,0.0,0.0
210423_6D2S_qubit2,9 µs,1.0,0.06256517205422316,0.0,17,0.0,0.0
210423_6D2S_qubit2,10 µs,1.0,0.053180396246089674,0.0,0,,
210423_6D2S_qubit2,1 µs,2.0,0.16058394160583941,0.0,1,0.0,0.8394160583941606
210423_6D2S_qubit2,2 µs,2.0,0.8884254431699687,0.0,18,0.0,0.10555555555555556
210423_6D2S_qubit2,3 µs,2.0,0.8936392075078207,0.0,221,0.0,0.0
210423_6D2S_qubit2,4 µs,2.0,0.5589155370177268,0.0,134,0.0,0.0
210423_6D2S_qubit2,5 µs,2.0,0.34515119916579773,0.0,56,0.0,0.0
210423_6D2S_qubit2,6 µs,2.0,0.22419186652763295,0.0,45,0.0,0.0
210423_6D2S_qubit2,7 µs,2.0,0.17309697601668406,0.0,29,0.0,0.0
210423_6D2S_qubit2,8 µs,2.0,0.12095933263816476,0.0,19,0.0,0.0
210423_6D2S_qubit2,9 µs,2.0,0.10010427528675704,0.0,17,0.0,0.0
210423_6D2S_qubit2,10 µs,2.0,0.0886339937434828,0.0,0,,
210423_6D2S_qubit3,1 µs,0.5,0.07001044932079414,0.0,1,0.0,0.9299895506792059
210423_6D2S_qubit3,2 µs,0.5,0.14211076280041798,0.0,45,0.13333333333333333,0.8928571428571429
210423_6D2S_qubit3,3 µs,0.5,0.3772204806687565,0.0,232,0.27586206896551724,0.5
210423_6D2S_qubit3,4 µs,0.5,0.2936259143155695,0.0,167,0.05389221556886228,0.0
210423_6D2S_qubit3,5 µs,0.5,0.20794148380355276,0.0,120,0.008333333333333333,0.0
210423_6D2S_qubit3,6 µs,0.5,0.15047021943573669,0.0,94,0.010638297872340425,0.0
210423_6D2S_qubit3,7 µs,0.5,0.13375130616509928,0.0,80,0.0125,0.0
210423_6D2S_qubit3,8 µs,0.5,0.11703239289446186,0.0,73,0.0136986301369863,0.0
210423_6D2S_qubit3,9 µs,0.5,0.10240334378265413,0.0,68,0.014705882352941176,0.0
210423_6D2S_qubit3,10 µs,0.5,0.09717868338557993,0.0,0,,
210423_6D2S_qubit3,1 µs,1.0,0.10762800417972831,0.0,1,0.0,0.8923719958202717
210423_6D2S_qubit3,2 µs,1.0,0.2727272727272727,0.0,45,0.1111111111111111,0.7272727272727273
210423_6D2S_qubit3,3 µs,1.0,0.7053291536050157,0.0,232,0.008620689655172414,0.0
210423_6D2S_qubit3,4 µs,1.0,0.3939393939393939,0.0,167,0.0,0.0
210423_6D2S_qubit3,5 µs,1.0,0.25391849529780564,0.0,120,0.008333333333333333,0.0
210423_6D2S_qubit3,6 µs,1.0,0.1974921630094044,0.0,94,0.010638297872340425,0.0
210423_6D2S_qubit3,7 µs,1.0,0.15778474399164055,0.0,80,0.0125,0.0
210423_6D2S_qubit3,8 µs,1.0,0.14211076280041798,0.0,73,0.0136986301369863,0.0
210423_6D2S_qubit3,9 µs,1.0,0.13061650992685475,0.0,68,0.0,0.0
210423_6D2S_qubit3,10 µs,1.0,0.12016718913270637,0.0,0,,
210423_6D2S_qubit3,1 µs,2.0,0.2225705329153605,0.0,1,0.0,0.7774294670846394
210423_6D2S_qubit3,2 µs,2.0,0.8474399164054337,0.0,45,0.0,0.1111111111111111
210423_6D2S_qubit3,3 µs,2.0,0.8307210031347962,0.0,232,0.0,0.0
210423_6D2S_qubit3,4 µs,2.0,0.5391849529780565,0.0,167,0.0,0.0
210423_6D2S_qubit3,5 µs,2.0,0.3594566353187043,0.0,120,0.008333333333333333,0.0
210423_6D2S_qubit3,6 µs,2.0,0.26227795193312436,0.0,94,0.010638297872340425,0.0
210423_6D2S_qubit3,7 µs,2.0,0.22361546499477533,0.0,80,0.0125,0.0
210423_6D2S_qubit3,8 µs,2.0,0.19540229885057472,0.0,73,0.0,0.0
210423_6D2S_qubit3,9 µs,2.0,0.16509926854754442,0.0,68,0.0,0.0
210423_6D2S_qubit3,10 µs,2.0,0.15047021943573669,0.0,0,,
220423_6D2S_qubit1,1 µs,0.5,0.019888129272840272,0.0,1,0.0,0.9801118707271598
220423_6D2S_qubit1,2 µs,0.5,0.024860161591050343,0.0,5,0.2,0.976370200196915
220423_6D2S_qubit1,3 µs,0.5,0.11767143153097162,0.0,254,0.3228346456692913,0.9230769230769231
220423_6D2S_qubit1,4 µs,0.5,0.3298114771079345,0.0,936,0.3194444444444444,0.6
220423_6D2S_qubit1,5 µs,0.5,0.31655272425937436,0.0,813,0.16974169741697417,0.0
220423_6D2S_qubit1,6 µs,0.5,0.22602030246529936,0.0,537,0.040968342644320296,0.0
220423_6D2S_qubit1,7 µs,0.5,0.14998964159933706,0.0,374,0.0213903743315508,0.0
220423_6D2S_qubit1,8 µs,0.5,0.11207789517298529,0.0,279,0.03225806451612903,0.0
220423_6D2S_qubit1,9 µs,0.5,0.0874249015951937,0.0,221,0.02262443438914027,0.0
220423_6D2S_qubit1,10 µs,0.5,0.07313030868033976,0.0,0,,
220423_6D2S_qubit1,1 µs,1.0,0.05075616324839445,0.0,1,0.0,0.9492438367516055
220423_6D2S_qubit1,2 µs,1.0,0.0694012844416822,0.0,5,0.0,0.9281260255989497
220423_6D2S_qubit1,3 µs,1.0,0.32753262896208823,0.0,254,0.07086614173228346,0.6666666666666666
220423_6D2S_qubit1,4 µs,1.0,0.7047855811062772,0.0,936,0.023504273504273504,0.0
220423_6D2S_qubit1,5 µs,1.0,0.4847731510254817,0.0,813,0.0036900369003690036,0.0
220423_6D2S_qubit1,6 µs,1.0,0.307644499689248,0.0,537,0.00931098696461825,0.0
220423_6D2S_qubit1,7 µs,1.0,0.2140045576962917,0.0,374,0.016042780748663103,0.0
220423_6D2S_qubit1,8 µs,1.0,0.15537600994406464,0.0,279,0.017921146953405017,0.0
220423_6D2S_qubit1,9 µs,1.0,0.12533664802154548,0.0,221,0.013574660633484163,0.0
220423_6D2S_qubit1,10 µs,1.0,0.10316967060285892,0.0,0,,
220423_6D2S_qubit1,1 µs,2.0,0.13921690490988192,0.0,1,0.0,0.8607830950901181
220423_6D2S_qubit1,2 µs,2.0,0.2755334576341413,0.0,5,0.0,0.729145211122554
220423_6D2S_qubit1,3 µs,2.0,0.9276983633726953,0.0,254,0.0,0.0
220423_6D2S_qubit1,4 µs,2.0,0.8810855603894758,0.0,936,0.0,0.0
220423_6D2S_qubit1,5 µs,2.0,0.6471928734203439,0.0,813,0.0036900369003690036,0.0
220423_6D2S_qubit1,6 µs,2.0,0.45804847731510256,0.0,537,0.0074487895716946,0.0
220423_6D2S_qubit1,7 µs,2.0,0.327739796975347,0.0,374,0.008021390374331552,0.0
220423_6D2S_qubit1,8 µs,2.0,0.25067329604309097,0.0,279,0.010752688172043012,0.0
220423_6D2S_qubit1,9 µs,2.0,0.19763828464885022,0.0,221,0.013574660633484163,0.0
220423_6D2S_qubit1,10 µs,2.0,0.15910503418272218,0.0,0,,
270623_6D2S_qubit2,1 µs,0.5,0.00029481132075471697,0.0,1,0.0,0.9997051886792453
270623_6D2S_qubit2,2 µs,0.5,0.01061320754716981,0.0,14,0.21428571428571427,0.0
270623_6D2S_qubit2,3 µs,0.5,0.0,0.0,0,,
270623_6D2S_qubit2,4 µs,0.5,0.0,0.0,0,,
270623_6D2S_qubit2,5 µs,0.5,0.0,0.0,0,,
270623_6D2S_qubit2,6 µs,0.5,0.0,0.0,0,,
270623_6D2S_qubit2,7 µs,0.5,0.0,0.0,0,,
270623_6D2S_qubit2,8 µs,0.5,0.0,0.0,0,,
270623_6D2S_qubit2,9 µs,0.5,0.0,0.0,0,,
270623_6D2S_qubit2,10 µs,0.5,0.0,0.0,0,,
270623_6D2S_qubit2,1 µs,1.0,0.0011792452830188679,0.0,1,0.0,0.9988207547169812
270623_6D2S_qubit2,2 µs,1.0,0.03242924528301887,0.0,14,0.0,0.0
270623_6D2S_qubit2,3 µs,1.0,0.0,0.0,0,,
270623_6D2S_qubit2,4 µs,1.0,0.0,0.0,0,,
270623_6D2S_qubit2,5 µs,1.0,0.0,0.0,0,,
270623_6D2S_qubit2,6 µs,1.0,0.0,0.0,0,,
270623_6D2S_qubit2,7 µs,1.0,0.0,0.0,0,,
270623_6D2S_qubit2,8 µs,1.0,0.0,0.0,0,,
270623_6D2S_qubit2,9 µs,1.0,0.0,0.0,0,,
270623_6D2S_qubit2,10 µs,1.0,0.0,0.0,0,,
270623_6D2S_qubit2,1 µs,2.0,0.006780660377358491,0.0,1,0.0,0.9932193396226415
270623_6D2S_qubit2,2 µs,2.0,0.14327830188679244,0.0,14,0.0,0.0
270623_6D2S_qubit2,3 µs,2.0,0.000884433962264151,0.0,0,,
270623_6D2S_qubit2,4 µs,2.0,0.0,0.0,0,,
270623_6D2S_qubit2,5 µs,2.0,0.0,0.0,0,,
270623_6D2S_qubit2,6 µs,2.0,0.0,0.0,0,,
270623_6D2S_qubit2,7 µs,2.0,0.0,0.0,0,,
270623_6D2S_qubit2,8 µs,2.0,0.0,0.0,0,,
270623_6D2S_qubit2,9 µs,2.0,0.0,0.0,0,,
270623_6D2S_qubit2,10 µs,2.0,0.0,0.0,0,,
270623_6D2S_qubit2_after,1 µs,0.5,0.0,0.0,1,1.0,1.0
270623_6D2S_qubit2_after,2 µs,0.5,0.006127450980392157,0.0,5,0.2,0.0
270623_6D2S_qubit2_after,3 µs,0.5,0.0,0.0,0,,
270623_6D2S_qubit2_after,4 µs,0.5,0.0,0.0,0,,
270623_6D2S_qubit2_after,5 µs,0.5,0.0,0.0,0,,
270623_6D2S_qubit2_after,6 µs,0.5,0.0,0.0,0,,
270623_6D2S_qubit2_after,7 µs,0.5,0.0,0.0,0,,
270623_6D2S_qubit2_after,8 µs,0.5,0.0,0.0,0,,
270623_6D2S_qubit2_after,9 µs,0.5,0.0,0.0,0,,
270623_6D2S_qubit2_after,10 µs,0.5,0.0,0.0,0,,
270623_6D2S_qubit2_after,1 µs,1.0,0.0012254901960784314,0.0,1,0.0,0.9987745098039216
270623_6D2S_qubit2_after,2 µs,1.0,0.01715686274509804,0.0,5,0.0,0.0
270623_6D2S_qubit2_after,3 µs,1.0,0.0,0.0,0,,
270623_6D2S_qubit2_after,4 µs,1.0,0.0,0.0,0,,
270623_6D2S_qubit2_after,5 µs,1.0,0.0,0.0,0,,
270623_6D2S_qubit2_after,6 µs,1.0,0.0,0.0,0,,
270623_6D2S_qubit2_after,7 µs,1.0,0.0,0.0,0,,
270623_6D2S_qubit2_after,8 µs,1.0,0.0,0.0,0,,
270623_6D2S_qubit2_after,9 µs,1.0,0.0,0.0,0,,
270623_6D2S_qubit2_after,10 µs,1.0,0.0,0.0,0,,
270623_6D2S_qubit2_after,1 µs,2.0,0.00857843137254902,0.0,1,0.0,0.991421568627451
270623_6D2S_qubit2_after,2 µs,2.0,0.07720588235294118,0.0,5,0.0,0.0
270623_6D2S_qubit2_after,3 µs,2.0,0.0006127450980392157,0.0,0,,
270623_6D2S_qubit2_after,4 µs,2.0,0.0,0.0,0,,
270623_6D2S_qubit2_after,5 µs,2.0,0.0,0.0,0,,
270623_6D2S_qubit2_after,6 µs,2.0,0.0,0.0,0,,
270623_6D2S_qubit2_after,7 µs,2.0,0.0,0.0,0,,
270623_6D2S_qubit2_after,8 µs,2.0,0.0,0.0,0,,
270623_6D2S_qubit2_after,9 µs,2.0,0.0,0.0,0,,
270623_6D2S_qubit2_after,10 µs,2.0,0.0,0.0,0,,
270623_6D2S_qubit2_before,1 µs,0.5,0.0005681818181818182,0.0,1,0.0,0.9994318181818181
270623_6D2S_qubit2_before,2 µs,0.5,0.014772727272727272,0.0,9,0.2222222222222222,0.0
270623_6D2S_qubit2_before,3 µs,0.5,0.0,0.0,0,,
270623_6D2S_qubit2_before,4 µs,0.5,0.0,0.0,0,,
270623_6D2S_qubit2_before,5 µs,0.5,0.0,0.0,0,,
270623_6D2S_qubit2_before,6 µs,0.5,0.0,0.0,0,,
270623_6D2S_qubit2_before,7 µs,0.5,0.0,0.0,0,,
270623_6D2S_qubit2_before,8 µs,0.5,0.0,0.0,0,,
270623_6D2S_qubit2_before,9 µs,0.5,0.0,0.0,0,,
270623_6D2S_qubit2_before,10 µs,0.5,0.0,0.0,0,,
270623_6D2S_qubit2_before,1 µs,1.0,0.0011363636363636363,0.0,1,0.0,0.9988636363636364
270623_6D2S_qubit2_before,2 µs,1.0,0.04659090909090909,0.0,9,0.0,0.0
270623_6D2S_qubit2_before,3 µs,1.0,0.0,0.0,0,,
270623_6D2S_qubit2_before,4 µs,1.0,0.0,0.0,0,,
270623_6D2S_qubit2_before,5 µs,1.0,0.0,0.0,0,,
270623_6D2S_qubit2_before,6 µs,1.0,0.0,0.0,0,,
270623_6D2S_qubit2_before,7 µs,1.0,0.0,0.0,0,,
270623_6D2S_qubit2_before,8 µs,1.0,0.0,0.0,0,,
270623_6D2S_qubit2_before,9 µs,1.0,0.0,0.0,0,,
270623_6D2S_qubit2_before,10 µs,1.0,0.0,0.0,0,,
270623_6D2S_qubit2_before,1 µs,2.0,0.005113636363636364,0.0,1,0.0,0.9948863636363636
270623_6D2S_qubit2_before,2 µs,2.0,0.20454545454545456,0.0,9,0.0,0.0
270623_6D2S_qubit2_before,3 µs,2.0,0.0011363636363636363,0.0,0,,
270623_6D2S_qubit2_before,4 µs,2.0,0.0,0.0,0,,
270623_6D2S_qubit2_before,5 µs,2.0,0.0,0.0,0,,
270623_6D2S_qubit2_before,6 µs,2.0,0.0,0.0,0,,
270623_6D2S_qubit2_before,7 µs,2.0,0.0,0.0,0,,
270623_6D2S_qubit2_before,8 µs,2.0,0.0,0.0,0,,
270623_6D2S_qubit2_before,9 µs,2.0,0.0,0.0,0,,
270623_6D2S_qubit2_before,10 µs,2.0,0.0,0.0,0,,
280623_6D2S_qubit1,1 µs,0.5,0.033350436121087734,0.0,1,0.0,0.9666495638789122
280623_6D2S_qubit1,2 µs,0.5,0.038481272447408926,0.0,6,0.16666666666666666,0.9622459464200687
280623_6D2S_qubit1,3 µs,0.5,0.3047716777834787,0.0,330,0.3606060606060606,0.75
280623_6D2S_qubit1,4 µs,0.5,0.38481272447408926,0.0,453,0.18984547461368653,0.0
280623_6D2S_qubit1,5 µs,0.5,0.28116983068240126,0.0,288,0.024305555555555556,0.0
280623_6D2S_qubit1,6 µs,0.5,0.18419702411493075,0.0,193,0.03626943005181347,0.0
280623_6D2S_qubit1,7 µs,0.5,0.12621857362750127,0.0,138,0.050724637681159424,0.0
280623_6D2S_qubit1,8 µs,0.5,0.10261672652642381,0.0,113,0.02654867256637168,0.0
280623_6D2S_qubit1,9 µs,0.5,0.08825038481272447,0.0,94,0.031914893617021274,0.0
280623_6D2S_qubit1,10 µs,0.5,0.07542329399692149,0.0,0,,
280623_6D2S_qubit1,1 µs,1.0,0.07131862493586455,0.0,1,0.0,0.9286813750641355
280623_6D2S_qubit1,2 µs,1.0,0.10518214468958441,0.0,6,0.0,0.9138352813264474
280623_6D2S_qubit1,3 µs,1.0,0.7762955361723961,0.0,330,0.04242424242424243,0.07323232323232323
280623_6D2S_qubit1,4 µs,1.0,0.6074910210364289,0.0,453,0.008830022075055188,0.0
280623_6D2S_qubit1,5 µs,1.0,0.3807080554130323,0.0,288,0.010416666666666666,0.0
280623_6D2S_qubit1,6 µs,1.0,0.2508978963571062,0.0,193,0.015544041450777202,0.0
280623_6D2S_qubit1,7 µs,1.0,0.1883016931759877,0.0,138,0.021739130434782608,0.0
280623_6D2S_qubit1,8 µs,1.0,0.14161108260646485,0.0,113,0.02654867256637168,0.0
280623_6D2S_qubit1,9 µs,1.0,0.1216008209338122,0.0,94,0.0,0.0
280623_6D2S_qubit1,10 µs,1.0,0.10261672652642381,0.0,0,,
280623_6D2S_qubit1,1 µs,2.0,0.19907644946126218,0.0,1,0.0,0.8009235505387378
280623_6D2S_qubit1,2 µs,2.0,0.6731657260133401,0.0,6,0.0,0.3272859972891252
280623_6D2S_qubit1,3 µs,2.0,0.9722934838378656,0.0,330,0.0,0.0
280623_6D2S_qubit1,4 µs,2.0,0.7706516162134428,0.0,453,0.006622516556291391,0.0
280623_6D2S_qubit1,5 µs,2.0,0.5274499743458184,0.0,288,0.010416666666666666,0.0
280623_6D2S_qubit1,6 µs,2.0,0.38481272447408926,0.0,193,0.015544041450777202,0.0
280623_6D2S_qubit1,7 µs,2.0,0.28681375064135456,0.0,138,0.021739130434782608,0.0
280623_6D2S_qubit1,8 µs,2.0,0.22780913288866086,0.0,113,0.0,0.0
280623_6D2S_qubit1,9 µs,2.0,0.18778860954335558,0.0,94,0.0,0.0
280623_6D2S_qubit1,10 µs,2.0,0.15597742432016418,0.0,0,,
280623_6D2S_qubit2,1 µs,0.5,0.005670103092783505,0.0,1,0.0,0.9943298969072165
280623_6D2S_qubit2,2 µs,0.5,0.2876288659793814,0.0,450,0.5,0.96875
280623_6D2S_qubit2,3 µs,0.5,0.14072164948453608,0.0,167,0.25149700598802394,0.0
280623_6D2S_qubit2,4 µs,0.5,0.04896907216494845,0.0,45,0.0,0.0
280623_6D2S_qubit2,5 µs,0.5,0.02422680412371134,0.0,23,0.0,0.0
280623_6D2S_qubit2,6 µs,0.5,0.015463917525773196,0.0,15,0.0,0.0
280623_6D2S_qubit2,7 µs,0.5,0.010824742268041237,0.0,12,0.0,0.0
280623_6D2S_qubit2,8 µs,0.5,0.008762886597938144,0.0,10,0.0,0.0
280623_6D2S_qubit2,9 µs,0.5,0.007216494845360825,0.0,10,0.0,0.0
280623_6D2S_qubit2,10 µs,0.5,0.006701030927835051,0.0,0,,
280623_6D2S_qubit2,1 µs,1.0,0.009278350515463918,0.0,1,0.0,0.9907216494845361
280623_6D2S_qubit2,2 µs,1.0,0.6216494845360825,0.0,450,0.1511111111111111,0.3
280623_6D2S_qubit2,3 µs,1.0,0.2463917525773196,0.0,167,0.0,0.0
280623_6D2S_qubit2,4 µs,1.0,0.08350515463917525,0.0,45,0.0,0.0
280623_6D2S_qubit2,5 µs,1.0,0.04020618556701031,0.0,23,0.0,0.0
280623_6D2S_qubit2,6 µs,1.0,0.025257731958762887,0.0,15,0.0,0.0
280623_6D2S_qubit2,7 µs,1.0,0.016494845360824743,0.0,12,0.0,0.0
280623_6D2S_qubit2,8 µs,1.0,0.01134020618556701,0.0,10,0.0,0.0
280623_6D2S_qubit2,9 µs,1.0,0.010309278350515464,0.0,10,0.0,0.0
280623_6D2S_qubit2,10 µs,1.0,0.00979381443298969,0.0,0,,
280623_6D2S_qubit2,1 µs,2.0,0.0577319587628866,0.0,1,0.0,0.9422680412371134
280623_6D2S_qubit2,2 µs,2.0,0.9412371134020618,0.0,450,0.0,0.0
280623_6D2S_qubit2,3 µs,2.0,0.41391752577319585,0.0,167,0.0,0.0
280623_6D2S_qubit2,4 µs,2.0,0.15670103092783505,0.0,45,0.0,0.0
280623_6D2S_qubit2,5 µs,2.0,0.07938144329896907,0.0,23,0.0,0.0
280623_6D2S_qubit2,6 µs,2.0,0.0443298969072165,0.0,15,0.0,0.0
280623_6D2S_qubit2,7 µs,2.0,0.032989690721649485,0.0,12,0.0,0.0
280623_6D2S_qubit2,8 µs,2.0,0.024742268041237112,0.0,10,0.0,0.0
280623_6D2S_qubit2,9 µs,2.0,0.01804123711340206,0.0,10,0.0,0.0
280623_6D2S_qubit2,10 µs,2.0,0.015463917525773196,0.0,0,,
280623_6D2S_qubit2_after,1 µs,0.5,0.006051437216338881,0.0,1,0.0,0.9939485627836612
280623_6D2S_qubit2_after,2 µs,0.5,0.291981845688351,0.0,145,0.496551724137931,0.9375
280623_6D2S_qubit2_after,3 µs,0.5,0.15128593040847202,0.0,58,0.20689655172413793,0.0
280623_6D2S_qubit2_after,4 µs,0.5,0.0453857791225416,0.0,15,0.0,0.0
280623_6D2S_qubit2_after,5 µs,0.5,0.025718608169440244,0.0,9,0.0,0.0
280623_6D2S_qubit2_after,6 µs,0.5,0.019667170953101363,0.0,6,0.0,0.0
280623_6D2S_qubit2_after,7 µs,0.5,0.012102874432677761,0.0,5,0.0,0.0
280623_6D2S_qubit2_after,8 µs,0.5,0.01059001512859304,0.0,4,0.0,0.0
280623_6D2S_qubit2_after,9 µs,0.5,0.009077155824508321,0.0,4,0.0,0.0
280623_6D2S_qubit2_after,10 µs,0.5,0.007564296520423601,0.0,0,,
280623_6D2S_qubit2_after,1 µs,1.0,0.012102874432677761,0.0,1,0.0,0.9878971255673222
280623_6D2S_qubit2_after,2 µs,1.0,0.6111951588502269,0.0,145,0.13793103448275862,0.3333333333333333
280623_6D2S_qubit2_after,3 µs,1.0,0.26626323751891073,0.0,58,0.0,0.0
280623_6D2S_qubit2_after,4 µs,1.0,0.08018154311649017,0.0,15,0.0,0.0
280623_6D2S_qubit2_after,5 µs,1.0,0.039334341906202726,0.0,9,0.0,0.0
280623_6D2S_qubit2_after,6 µs,1.0,0.02723146747352496,0.0,6,0.0,0.0
280623_6D2S_qubit2_after,7 µs,1.0,0.02118003025718608,0.0,5,0.0,0.0
280623_6D2S_qubit2_after,8 µs,1.0,0.01361573373676248,0.0,4,0.0,0.0
280623_6D2S_qubit2_after,9 µs,1.0,0.012102874432677761,0.0,4,0.0,0.0
280623_6D2S_qubit2_after,10 µs,1.0,0.012102874432677761,0.0,0,,
280623_6D2S_qubit2_after,1 µs,2.0,0.049924357034795766,0.0,1,0.0,0.9500756429652042
280623_6D2S_qubit2_after,2 µs,2.0,0.9485627836611196,0.0,145,0.0,0.0
280623_6D2S_qubit2_after,3 µs,2.0,0.43872919818456885,0.0,58,0.0,0.0
280623_6D2S_qubit2_after,4 µs,2.0,0.1649016641452345,0.0,15,0.0,0.0
280623_6D2S_qubit2_after,5 µs,2.0,0.07564296520423601,0.0,9,0.0,0.0
280623_6D2S_qubit2_after,6 µs,2.0,0.04084720121028744,0.0,6,0.0,0.0
280623_6D2S_qubit2_after,7 µs,2.0,0.03479576399394856,0.0,5,0.0,0.0
280623_6D2S_qubit2_after,8 µs,2.0,0.02723146747352496,0.0,4,0.0,0.0
280623_6D2S_qubit2_after,9 µs,2.0,0.02118003025718608,0.0,4,0.0,0.0
280623_6D2S_qubit2_after,10 µs,2.0,0.019667170953101363,0.0,0,,
280623_6D2S_qubit2_before,1 µs,0.5,0.00547302580140735,0.0,1,0.0,0.9945269741985927
280623_6D2S_qubit2_before,2 µs,0.5,0.28537920250195464,0.0,306,0.5032679738562091,1.0
280623_6D2S_qubit2_before,3 µs,0.5,0.1352619233776388,0.0,109,0.27522935779816515,0.0
280623_6D2S_qubit2_before,4 µs,0.5,0.0508209538702111,0.0,30,0.0,0.0
280623_6D2S_qubit2_before,5 µs,0.5,0.023455824863174355,0.0,14,0.0,0.0
280623_6D2S_qubit2_before,6 µs,0.5,0.013291634089132134,0.0,9,0.0,0.0
280623_6D2S_qubit2_before,7 µs,0.5,0.010164190774042221,0.0,7,0.0,0.0
280623_6D2S_qubit2_before,8 µs,0.5,0.007818608287724784,0.0,6,0.0,0.0
280623_6D2S_qubit2_before,9 µs,0.5,0.006254886630179828,0.0,6,0.0,0.0
280623_6D2S_qubit2_before,10 µs,0.5,0.006254886630179828,0.0,0,,
280623_6D2S_qubit2_before,1 µs,1.0,0.007818608287724784,0.0,1,0.0,0.9921813917122753
280623_6D2S_qubit2_before,2 µs,1.0,0.6270523846755277,0.0,306,0.16013071895424835,0.25
280623_6D2S_qubit2_before,3 µs,1.0,0.2361219702892885,0.0,109,0.0,0.0
280623_6D2S_qubit2_before,4 µs,1.0,0.08522283033620015,0.0,30,0.0,0.0
280623_6D2S_qubit2_before,5 µs,1.0,0.040656763096168884,0.0,14,0.0,0.0
280623_6D2S_qubit2_before,6 µs,1.0,0.024237685691946835,0.0,9,0.0,0.0
280623_6D2S_qubit2_before,7 µs,1.0,0.014073494917904612,0.0,7,0.0,0.0
280623_6D2S_qubit2_before,8 µs,1.0,0.010164190774042221,0.0,6,0.0,0.0
280623_6D2S_qubit2_before,9 µs,1.0,0.009382329945269743,0.0,6,0.0,0.0
280623_6D2S_qubit2_before,10 µs,1.0,0.008600469116497263,0.0,0,,
280623_6D2S_qubit2_before,1 µs,2.0,0.0617670054730258,0.0,1,0.0,0.9382329945269742
280623_6D2S_qubit2_before,2 µs,2.0,0.9374511336982018,0.0,306,0.0,0.0
280623_6D2S_qubit2_before,3 µs,2.0,0.40109460516028145,0.0,109,0.0,0.0
280623_6D2S_qubit2_before,4 µs,2.0,0.1524628616106333,0.0,30,0.0,0.0
280623_6D2S_qubit2_before,5 µs,2.0,0.08131352619233777,0.0,14,0.0,0.0
280623_6D2S_qubit2_before,6 µs,2.0,0.046129788897576234,0.0,9,0.0,0.0
280623_6D2S_qubit2_before,7 µs,2.0,0.03205629397967162,0.0,7,0.0,0.0
280623_6D2S_qubit2_before,8 µs,2.0,0.023455824863174355,0.0,6,0.0,0.0
280623_6D2S_qubit2_before,9 µs,2.0,0.01641907740422205,0.0,6,0.0,0.0
280623_6D2S_qubit2_before,10 µs,2.0,0.013291634089132134,0.0,0,,
290623_6D2S_qubit4,1 µs,0.5,0.11746031746031746,0.0,1,0.0,0.8825396825396825
290623_6D2S_qubit4,2 µs,0.5,0.1523809523809524,0.0,1,0.0,0.8476190476190476
290623_6D2S_qubit4,3 µs,0.5,0.2642857142857143,0.0,59,0.05084745762711865,0.6666666666666666
290623_6D2S_qubit4,4 µs,0.5,0.4746031746031746,0.0,245,0.18775510204081633,0.4
290623_6D2S_qubit4,5 µs,0.5,0.569047619047619,0.0,296,0.013513513513513514,0.0
290623_6D2S_qubit4,6 µs,0.5,0.4642857142857143,0.0,279,0.021505376344086023,0.0
290623_6D2S_qubit4,7 µs,0.5,0.3761904761904762,0.0,248,0.020161290322580645,0.0
290623_6D2S_qubit4,8 µs,0.5,0.3238095238095238,0.0,227,0.013215859030837005,0.0
290623_6D2S_qubit4,9 µs,0.5,0.2896825396825397,0.0,208,0.004807692307692308,0.0
290623_6D2S_qubit4,10 µs,0.5,0.26746031746031745,0.0,0,,
290623_6D2S_qubit4,1 µs,1.0,0.2388888888888889,0.0,1,0.0,0.7611111111111111
290623_6D2S_qubit4,2 µs,1.0,0.2698412698412698,0.0,1,0.0,0.7301587301587301
290623_6D2S_qubit4,3 µs,1.0,0.6373015873015873,0.0,59,0.0,0.2
290623_6D2S_qubit4,4 µs,1.0,0.8492063492063492,0.0,245,0.004081632653061225,0.0
290623_6D2S_qubit4,5 µs,1.0,0.680952380952381,0.0,296,0.006756756756756757,0.0
290623_6D2S_qubit4,6 µs,1.0,0.5531746031746032,0.0,279,0.010752688172043012,0.0
290623_6D2S_qubit4,7 µs,1.0,0.46746031746031746,0.0,248,0.004032258064516129,0.0
290623_6D2S_qubit4,8 µs,1.0,0.4015873015873016,0.0,227,0.004405286343612335,0.0
290623_6D2S_qubit4,9 µs,1.0,0.3523809523809524,0.0,208,0.004807692307692308,0.0
290623_6D2S_qubit4,10 µs,1.0,0.319047619047619,0.0,0,,
290623_6D2S_qubit4,1 µs,2.0,0.423015873015873,0.0,1,0.0,0.5769841269841269
290623_6D2S_qubit4,2 µs,2.0,0.6634920634920635,0.0,1,0.0,0.33650793650793653
290623_6D2S_qubit4,3 µs,2.0,0.9920634920634921,0.0,59,0.0,0.0
290623_6D2S_qubit4,4 µs,2.0,0.926984126984127,0.0,245,0.0,0.0
290623_6D2S_qubit4,5 µs,2.0,0.7928571428571428,0.0,296,0.0,0.0
290623_6D2S_qubit4,6 µs,2.0,0.6761904761904762,0.0,279,0.0035842293906810036,0.0
290623_6D2S_qubit4,7 µs,2.0,0.580952380952381,0.0,248,0.004032258064516129,0.0
290623_6D2S_qubit4,8 µs,2.0,0.5119047619047619,0.0,227,0.004405286343612335,0.0
290623_6D2S_qubit4,9 µs,2.0,0.4579365079365079,0.0,208,0.004807692307692308,0.0
290623_6D2S_qubit4,10 µs,2.0,0.4158730158730159,0.0,0,,
290623_6D2S_qubit5,1 µs,0.5,0.10166799046862589,0.0,1,0.0,0.8983320095313742
290623_6D2S_qubit5,2 µs,0.5,0.11834789515488484,0.0,1,0.0,0.8816521048451151
290623_6D2S_qubit5,3 µs,0.5,0.26131850675139,0.0,86,0.19767441860465115,0.7841614906832298
290623_6D2S_qubit5,4 µs,0.5,0.5472597299444003,0.0,278,0.14388489208633093,0.25
290623_6D2S_qubit5,5 µs,0.5,0.5242255758538522,0.0,302,0.026490066225165563,0.0
290623_6D2S_qubit5,6 µs,0.5,0.397934868943606,0.0,249,0.008032128514056224,0.0
290623_6D2S_qubit5,7 µs,0.5,0.31850675138999207,0.0,212,0.014150943396226415,0.0
290623_6D2S_qubit5,8 µs,0.5,0.2676727561556791,0.0,180,0.016666666666666666,0.0
290623_6D2S_qubit5,9 µs,0.5,0.23590150913423352,0.0,165,0.01818181818181818,0.0
290623_6D2S_qubit5,10 µs,0.5,0.21525019857029387,0.0,0,,
290623_6D2S_qubit5,1 µs,1.0,0.1993645750595711,0.0,1,0.0,0.8006354249404289
290623_6D2S_qubit5,2 µs,1.0,0.24305003971405878,0.0,1,0.0,0.7569499602859412
290623_6D2S_qubit5,3 µs,1.0,0.7299444003177125,0.0,86,0.023255813953488372,0.2799539170506912
290623_6D2S_qubit5,4 µs,1.0,0.8395552025416998,0.0,278,0.0,0.0
290623_6D2S_qubit5,5 µs,1.0,0.6632247815726767,0.0,302,0.006622516556291391,0.0
290623_6D2S_qubit5,6 µs,1.0,0.48610007942811756,0.0,249,0.008032128514056224,0.0
290623_6D2S_qubit5,7 µs,1.0,0.40031771247021447,0.0,212,0.014150943396226415,0.0
290623_6D2S_qubit5,8 µs,1.0,0.3383637807783956,0.0,180,0.016666666666666666,0.0
290623_6D2S_qubit5,9 µs,1.0,0.2994440031771247,0.0,165,0.006060606060606061,0.0
290623_6D2S_qubit5,10 µs,1.0,0.2692613185067514,0.0,0,,
290623_6D2S_qubit5,1 µs,2.0,0.3971405877680699,0.0,1,0.0,0.6028594122319301
290623_6D2S_qubit5,2 µs,2.0,0.7418586179507546,0.0,1,0.0,0.2581413820492454
290623_6D2S_qubit5,3 µs,2.0,0.9872915011914217,0.0,86,0.0,0.0
290623_6D2S_qubit5,4 µs,2.0,0.9189833200953137,0.0,278,0.0,0.0
290623_6D2S_qubit5,5 µs,2.0,0.7903097696584591,0.0,302,0.006622516556291391,0.0
290623_6D2S_qubit5,6 µs,2.0,0.670373312152502,0.0,249,0.008032128514056224,0.0
290623_6D2S_qubit5,7 µs,2.0,0.5369340746624305,0.0,212,0.009433962264150943,0.0
290623_6D2S_qubit5,8 µs,2.0,0.4567116759332804,0.0,180,0.005555555555555556,0.0
290623_6D2S_qubit5,9 µs,2.0,0.4011119936457506,0.0,165,0.0,0.0
290623_6D2S_qubit5,10 µs,2.0,0.358220810166799,0.0,0,,
290623_6D2S_qubit6,1 µs,0.5,0.04924543288324067,0.0,1,0.0,0.9507545671167593
290623_6D2S_qubit6,2 µs,0.5,0.0698967434471803,0.0,1,0.0,0.9301032565528197
290623_6D2S_qubit6,3 µs,0.5,0.15011914217633043,0.0,33,0.0,0.8541666666666666
290623_6D2S_qubit6,4 µs,0.5,0.3852263701350278,0.0,239,0.30962343096234307,0.6666666666666666
290623_6D2S_qubit6,5 µs,0.5,0.49166004765687055,0.0,298,0.1174496644295302,0.0
290623_6D2S_qubit6,6 µs,0.5,0.42414614773629866,0.0,236,0.025423728813559324,0.0
290623_6D2S_qubit6,7 µs,0.5,0.31850675138999207,0.0,199,0.04020100502512563,0.0
290623_6D2S_qubit6,8 µs,0.5,0.2597299444003177,0.0,169,0.047337278106508875,0.0
290623_6D2S_qubit6,9 µs,0.5,0.22795869737887212,0.0,150,0.0,0.0
290623_6D2S_qubit6,10 µs,0.5,0.1993645750595711,0.0,0,,
290623_6D2S_qubit6,1 µs,1.0,0.15250198570293885,0.0,1,0.0,0.8474980142970612
290623_6D2S_qubit6,2 µs,1.0,0.1715647339158062,0.0,1,0.0,0.8284352660841938
290623_6D2S_qubit6,3 µs,1.0,0.3971405877680699,0.0,33,0.0,0.5833333333333334
290623_6D2S_qubit6,4 µs,1.0,0.852263701350278,0.0,239,0.02092050209205021,0.0
290623_6D2S_qubit6,5 µs,1.0,0.6751389992057188,0.0,298,0.003355704697986577,0.0
290623_6D2S_qubit6,6 µs,1.0,0.5051628276409849,0.0,236,0.0211864406779661,0.0
290623_6D2S_qubit6,7 µs,1.0,0.40984908657664815,0.0,199,0.020100502512562814,0.0
290623_6D2S_qubit6,8 µs,1.0,0.3359809372517871,0.0,169,0.0,0.0
290623_6D2S_qubit6,9 µs,1.0,0.28594122319301035,0.0,150,0.0,0.0
290623_6D2S_qubit6,10 µs,1.0,0.25178713264495634,0.0,0,,
290623_6D2S_qubit6,1 µs,2.0,0.3073868149324861,0.0,1,0.0,0.6926131850675139
290623_6D2S_qubit6,2 µs,2.0,0.4670373312152502,0.0,1,0.0,0.5329626687847498
290623_6D2S_qubit6,3 µs,2.0,0.9864972200158856,0.0,33,0.0,0.0
290623_6D2S_qubit6,4 µs,2.0,0.9404289118347895,0.0,239,0.0,0.0
290623_6D2S_qubit6,5 µs,2.0,0.8006354249404289,0.0,298,0.0,0.0
290623_6D2S_qubit6,6 µs,2.0,0.6576648133439238,0.0,236,0.0,0.0
290623_6D2S_qubit6,7 µs,2.0,0.5385226370135028,0.0,199,0.0,0.0
290623_6D2S_qubit6,8 µs,2.0,0.46624305003971406,0.0,169,0.0,0.0
290623_6D2S_qubit6,9 µs,2.0,0.39555202541699763,0.0,150,0.0,0.0
290623_6D2S_qubit6,10 µs,2.0,0.3431294678316124,0.0,0,,
